Date,Year,Month,Year-Month,France,Belgium,Italy,Netherlands,GB,Austria,Germany,Total,Industrial,LDZ,Gas-to-Power,France_YOY_Abs,France_YOY_Pct,Belgium_YOY_Abs,Belgium_YOY_Pct,Italy_YOY_Abs,Italy_YOY_Pct,Netherlands_YOY_Abs,Netherlands_YOY_Pct,GB_YOY_Abs,GB_YOY_Pct,Austria_YOY_Abs,Austria_YOY_Pct,Germany_YOY_Abs,Germany_YOY_Pct,Total_YOY_Abs,Total_YOY_Pct,Industrial_YOY_Abs,Industrial_YOY_Pct,LDZ_YOY_Abs,LDZ_YOY_Pct,Gas-to-Power_YOY_Abs,Gas-to-Power_YOY_Pct
2017-10-31,2017,10,2017-10,106.28,41.05,157.17,101.81,117.64,-13.01,203.44,814.66,275.7,375.31,163.66,-14.92,-12.31,-6.78,-14.18,-12.03,-7.11,-11.48,-10.13,17.09,17.0,-4.43,51.63,-38.93,-16.06,-100.82,-11.01,-2.69,-0.97,-75.04,-16.66,-23.08,-12.36
2017-11-30,2017,11,2017-11,178.61,59.07,246.9,120.35,118.39,-10.71,311.6,1236.8,321.21,717.29,198.3,2.5,1.42,-1.48,-2.44,14.42,6.2,-32.51,-21.27,15.62,15.2,-0.71,7.1,-14.76,-4.52,-25.13,-1.99,3.18,1.0,-25.98,-3.5,-2.34,-1.17
2017-12-31,2017,12,2017-12,202.4,65.88,292.3,145.37,85.46,-9.96,349.63,1407.11,322.31,908.94,175.86,-4.67,-2.26,0.32,0.49,7.96,2.8,-15.3,-9.52,-22.9,-21.13,2.74,-21.57,-4.81,-1.36,17.27,1.24,10.56,3.39,36.16,4.14,-29.45,-14.34
2018-01-31,2018,1,2018-01,174.32,61.64,266.12,143.67,109.1,-8.09,334.76,1337.7,309.3,855.11,173.29,-65.08,-27.18,-14.09,-18.61,-68.94,-20.58,-37.8,-20.83,-18.54,-14.53,2.28,-21.99,-98.18,-22.68,-303.1,-18.47,-37.7,-10.86,-220.59,-20.51,-44.82,-20.55
2018-02-28,2018,2,2018-02,227.73,74.96,298.77,155.17,112.95,-3.31,420.77,1576.75,332.64,1045.19,198.92,46.57,25.71,13.2,21.37,29.37,10.9,-17.65,-10.21,-0.46,-0.41,7.78,-70.15,70.04,19.97,239.65,17.92,19.15,6.11,201.21,23.84,19.3,10.74
2018-03-31,2018,3,2018-03,173.27,61.45,248.24,128.87,104.19,-5.19,351.29,1317.04,299.64,853.46,163.94,31.1,21.88,12.23,24.85,52.73,26.97,2.03,1.6,-5.2,-4.75,2.54,-32.86,79.88,29.43,270.87,25.89,14.31,5.02,247.37,40.81,9.19,5.94
2018-04-30,2018,4,2018-04,91.21,37.26,145.76,70.67,112.63,-7.23,189.41,786.25,240.84,417.17,128.23,-16.93,-15.66,-8.59,-18.74,-3.82,-2.55,-26.66,-27.39,-0.16,-0.14,4.98,-40.79,-57.94,-23.42,-96.76,-10.96,-22.26,-8.46,-55.07,-11.66,-19.45,-13.17
2018-05-31,2018,5,2018-05,64.58,31.41,121.3,62.77,103.02,-4.15,145.87,596.36,225.91,252.1,118.35,-10.98,-14.53,-2.08,-6.21,-14.03,-10.37,-17.31,-21.62,-5.16,-4.77,7.26,-63.63,-28.81,-16.49,-75.6,-11.25,-16.76,-6.91,-44.46,-14.99,-14.38,-10.83
2018-06-30,2018,6,2018-06,55.12,30.11,121.7,56.17,83.51,-10.64,136.8,557.58,229.27,197.42,130.89,-1.36,-2.41,2.34,8.43,-13.79,-10.18,-11.78,-17.34,-14.15,-14.49,2.31,-17.84,1.8,1.33,-6.79,-1.2,-0.53,-0.23,-0.6,-0.3,-5.67,-4.15
2018-07-31,2018,7,2018-07,58.24,28.33,133.7,60.92,94.93,-9.78,129.64,556.41,224.91,169.88,161.63,1.41,2.48,1.73,6.5,-4.35,-3.15,-4.99,-7.57,3.42,3.74,2.17,-18.16,-8.36,-6.06,-9.82,-1.73,-7.04,-3.04,-15.55,-8.39,12.79,8.59
2018-08-31,2018,8,2018-08,53.59,28.9,118.47,55.87,85.64,-7.21,133.2,541.99,219.64,171.71,150.64,2.15,4.18,2.77,10.6,-1.4,-1.17,-16.35,-22.64,11.95,16.22,4.12,-36.36,1.03,0.78,10.02,1.88,0.88,0.4,-10.55,-5.79,19.69,15.04
2018-09-30,2018,9,2018-09,65.69,32.25,142.77,54.27,89.91,-10.61,155.36,629.28,237.2,246.38,145.7,-11.15,-14.51,-0.06,-0.19,8.71,6.5,-35.45,-39.51,-0.6,-0.66,-0.08,0.76,-20.69,-11.75,-48.29,-7.13,-22.97,-8.83,-34.19,-12.19,8.87,6.48
2018-10-31,2018,10,2018-10,103.13,46.7,150.8,77.26,96.99,-11.89,214.95,834.74,259.91,402.0,172.83,-3.15,-2.96,5.65,13.76,-6.37,-4.05,-24.55,-24.11,-20.65,-17.55,1.12,-8.61,11.51,5.66,20.08,2.46,-15.79,-5.73,26.69,7.11,9.17,5.6
2018-11-30,2018,11,2018-11,168.45,63.91,214.83,111.53,102.03,-13.63,310.59,1178.98,295.92,691.24,191.82,-10.16,-5.69,4.84,8.19,-32.07,-12.99,-8.82,-7.33,-16.36,-13.82,-2.92,27.26,-1.01,-0.32,-57.82,-4.67,-25.29,-7.87,-26.05,-3.63,-6.48,-3.27
2018-12-31,2018,12,2018-12,175.44,63.39,269.38,118.76,95.15,-12.19,330.94,1297.09,294.07,825.42,177.61,-26.96,-13.32,-2.49,-3.78,-22.92,-7.84,-26.61,-18.31,9.69,11.34,-2.23,22.39,-18.69,-5.35,-110.02,-7.82,-28.24,-8.76,-83.52,-9.19,1.75,1.0
2019-01-31,2019,1,2019-01,216.47,75.86,318.52,133.04,108.62,-13.4,395.93,1545.67,325.31,992.02,228.34,42.15,24.18,14.22,23.07,52.4,19.69,-10.63,-7.4,-0.48,-0.44,-5.31,65.64,61.17,18.27,207.97,15.55,16.01,5.18,136.91,16.01,55.05,31.77
2019-02-28,2019,2,2019-02,181.05,63.15,268.98,112.55,105.07,-12.72,340.92,1313.96,310.07,816.44,187.46,-46.68,-20.5,-11.81,-15.76,-29.79,-9.97,-42.62,-27.47,-7.88,-6.98,-9.41,284.29,-79.85,-18.98,-262.79,-16.67,-22.57,-6.79,-228.75,-21.89,-11.46,-5.76
2019-03-31,2019,3,2019-03,142.72,52.84,210.99,107.91,103.37,-13.32,282.33,1092.53,287.6,648.77,156.16,-30.55,-17.63,-8.61,-14.01,-37.25,-15.01,-20.96,-16.26,-0.82,-0.79,-8.13,156.65,-68.96,-19.63,-224.51,-17.05,-12.04,-4.02,-204.69,-23.98,-7.78,-4.75
2019-04-30,2019,4,2019-04,111.56,43.27,171.93,67.66,102.29,-13.8,227.1,889.78,254.55,474.93,160.31,20.35,22.31,6.01,16.13,26.17,17.95,-3.01,-4.26,-10.34,-9.18,-6.57,90.87,37.69,19.9,103.53,13.17,13.71,5.69,57.76,13.85,32.08,25.02
2019-05-31,2019,5,2019-05,88.65,38.83,147.34,61.58,100.49,-12.87,204.93,768.26,256.44,365.81,146.01,24.07,37.27,7.42,23.62,26.04,21.47,-1.19,-1.9,-2.53,-2.46,-8.72,210.12,59.06,40.49,171.9,28.82,30.53,13.51,113.71,45.11,27.66,23.37
2019-06-30,2019,6,2019-06,61.95,32.31,134.04,47.48,86.47,-13.87,135.71,599.68,227.13,212.78,159.77,6.83,12.39,2.2,7.31,12.34,10.14,-8.69,-15.47,2.96,3.54,-3.23,30.36,-1.09,-0.8,42.1,7.55,-2.14,-0.93,15.36,7.78,28.88,22.06
2019-07-31,2019,7,2019-07,62.21,30.18,149.27,42.54,89.85,-13.79,142.17,605.03,230.55,181.68,192.81,3.97,6.82,1.85,6.53,15.57,11.65,-18.38,-30.17,-5.08,-5.35,-4.01,41.0,12.53,9.67,48.62,8.74,5.64,2.51,11.8,6.95,31.18,19.29
2019-08-31,2019,8,2019-08,52.97,29.2,126.29,44.79,83.98,-9.39,136.4,550.5,212.61,173.55,164.34,-0.62,-1.16,0.3,1.04,7.82,6.6,-11.08,-19.83,-1.66,-1.94,-2.18,30.24,3.2,2.4,8.51,1.57,-7.03,-3.2,1.84,1.07,13.7,9.09
2019-09-30,2019,9,2019-09,68.08,36.14,146.94,50.23,93.64,-12.94,171.01,666.67,242.5,248.06,176.11,2.39,3.64,3.89,12.06,4.17,2.92,-4.04,-7.44,3.73,4.15,-2.33,21.96,15.65,10.07,37.39,5.94,5.3,2.23,1.68,0.68,30.41,20.87
2019-10-31,2019,10,2019-10,98.45,47.54,156.87,65.87,100.25,-11.97,223.12,873.27,259.43,417.32,196.52,-4.68,-4.54,0.84,1.8,6.07,4.03,-11.39,-14.74,3.26,3.36,-0.08,0.67,8.17,3.8,38.53,4.62,-0.48,-0.18,15.32,3.81,23.69,13.71
2019-11-30,2019,11,2019-11,171.76,64.17,208.09,108.84,114.25,-6.1,318.24,1219.32,299.05,725.96,194.31,3.31,1.96,0.26,0.41,-6.74,-3.14,-2.69,-2.41,12.22,11.98,7.53,-55.25,7.65,2.46,40.34,3.42,3.13,1.06,34.72,5.02,2.49,1.3
2019-12-31,2019,12,2019-12,175.37,63.61,241.95,111.0,110.04,-11.62,333.98,1273.55,289.78,824.33,159.43,-0.07,-0.04,0.22,0.35,-27.43,-10.18,-7.76,-6.53,14.89,15.65,0.57,-4.68,3.04,0.92,-23.54,-1.81,-4.29,-1.46,-1.09,-0.13,-18.18,-10.24
2020-01-31,2020,1,2020-01,191.14,67.71,292.02,104.42,108.68,-12.85,355.8,1383.94,314.99,876.26,192.69,-25.33,-11.7,-8.15,-10.74,-26.5,-8.32,-28.62,-21.51,0.06,0.06,0.55,-4.1,-40.13,-10.14,-161.73,-10.46,-10.32,-3.17,-115.76,-11.67,-35.65,-15.61
2020-02-29,2020,2,2020-02,163.87,63.35,244.15,103.07,105.13,-13.86,321.8,1252.5,304.96,790.16,157.39,-17.18,-9.49,0.2,0.32,-24.83,-9.23,-9.48,-8.42,0.06,0.06,-1.14,8.96,-19.12,-5.61,-61.46,-4.68,-5.11,-1.65,-26.28,-3.22,-30.07,-16.04
2020-03-31,2020,3,2020-03,145.05,57.03,201.79,73.11,99.79,-13.54,305.56,1129.51,278.54,702.67,148.31,2.33,1.63,4.19,7.93,-9.2,-4.36,-34.8,-32.25,-3.58,-3.46,-0.22,1.65,23.23,8.23,36.98,3.38,-9.06,-3.15,53.9,8.31,-7.85,-5.03
2020-04-30,2020,4,2020-04,74.31,36.48,131.36,67.25,105.92,-13.85,207.64,723.67,224.9,386.76,112.01,-37.25,-33.39,-6.79,-15.69,-40.57,-23.6,-0.41,-0.61,3.63,3.55,-0.05,0.36,-19.46,-8.57,-166.11,-18.67,-29.65,-11.65,-88.17,-18.56,-48.3,-30.13
2020-05-31,2020,5,2020-05,66.82,35.06,112.83,61.29,106.14,-13.35,182.7,634.41,231.56,286.87,115.98,-21.83,-24.62,-3.77,-9.71,-34.51,-23.42,-0.29,-0.47,5.65,5.62,-0.48,3.73,-22.23,-10.85,-133.85,-17.42,-24.88,-9.7,-78.94,-21.58,-30.03,-20.57
2020-06-30,2020,6,2020-06,66.42,34.88,127.42,51.12,97.45,-13.55,152.62,602.36,225.69,215.43,161.24,4.47,7.22,2.57,7.95,-6.62,-4.94,3.64,7.67,10.98,12.7,0.32,-2.31,16.91,12.46,2.68,0.45,-1.44,-0.63,2.65,1.25,1.47,0.92
2020-07-31,2020,7,2020-07,61.55,37.19,143.83,42.17,97.92,-13.73,149.03,622.48,233.93,199.66,188.89,-0.66,-1.06,7.01,23.23,-5.44,-3.64,-0.37,-0.87,8.07,8.98,0.06,-0.44,6.86,4.83,17.45,2.88,3.38,1.47,17.98,9.9,-3.92,-2.03
2020-08-31,2020,8,2020-08,54.6,33.08,127.49,39.52,81.56,-13.88,139.48,581.31,221.42,176.33,183.56,1.63,3.08,3.88,13.29,1.2,0.95,-5.27,-11.77,-2.42,-2.88,-4.49,47.82,3.08,2.26,30.81,5.6,8.81,4.14,2.78,1.6,19.22,11.7
2020-09-30,2020,9,2020-09,70.17,35.74,150.04,40.36,78.09,-12.29,167.89,680.51,243.72,251.68,185.11,2.09,3.07,-0.4,-1.11,3.1,2.11,-9.87,-19.65,-15.55,-16.61,0.65,-5.02,-3.12,-1.82,13.84,2.08,1.22,0.5,3.62,1.46,9.0,5.11
2020-10-31,2020,10,2020-10,113.94,45.79,162.39,62.05,100.33,-8.3,234.23,902.02,273.8,472.49,155.73,15.49,15.73,-1.75,-3.68,5.52,3.52,-3.82,-5.8,0.08,0.08,3.67,-30.66,11.11,4.98,28.75,3.29,14.37,5.54,55.17,13.22,-40.79,-20.76
2020-11-30,2020,11,2020-11,151.17,56.11,217.68,66.45,92.97,-11.18,304.9,1131.84,290.88,654.51,186.45,-20.59,-11.99,-8.06,-12.56,9.59,4.61,-42.39,-38.95,-21.28,-18.63,-5.08,83.28,-13.34,-4.19,-87.48,-7.17,-8.17,-2.73,-71.45,-9.84,-7.86,-4.05
2020-12-31,2020,12,2020-12,181.12,65.99,267.42,79.36,98.49,-4.74,360.59,1355.52,292.34,867.69,195.49,5.75,3.28,2.38,3.74,25.47,10.53,-31.64,-28.5,-11.55,-10.5,6.88,-59.21,26.61,7.97,81.97,6.44,2.56,0.88,43.36,5.26,36.06,22.62
2021-01-31,2021,1,2021-01,207.35,74.67,297.56,91.08,92.25,-0.62,409.89,1532.61,316.93,1010.37,205.31,16.21,8.48,6.96,10.28,5.54,1.9,-13.34,-12.78,-16.43,-15.12,12.23,-95.18,54.09,15.2,148.67,10.74,1.94,0.62,134.11,15.3,12.62,6.55
2021-02-28,2021,2,2021-02,177.66,68.36,256.59,82.33,85.66,-3.13,388.36,1390.68,320.27,891.6,178.8,13.79,8.42,5.01,7.91,12.44,5.1,-20.74,-20.12,-19.47,-18.52,10.73,-77.42,66.56,20.68,138.18,11.03,15.31,5.02,101.44,12.84,21.41,13.6
2021-03-31,2021,3,2021-03,157.84,59.39,229.42,74.68,93.49,-3.31,335.24,1217.44,296.09,741.44,179.91,12.79,8.82,2.36,4.14,27.63,13.69,1.57,2.15,-6.3,-6.31,10.23,-75.55,29.68,9.71,87.93,7.78,17.55,6.3,38.77,5.52,31.6,21.31
2021-04-30,2021,4,2021-04,126.49,54.27,189.38,77.0,71.84,-6.42,291.63,1052.35,267.32,599.99,185.03,52.18,70.22,17.79,48.77,58.02,44.17,9.75,14.5,-34.08,-32.18,7.43,-53.65,83.99,40.45,328.68,45.42,42.42,18.86,213.23,55.13,73.02,65.19
2021-05-31,2021,5,2021-05,87.74,38.68,128.92,51.07,69.7,-1.95,209.34,772.26,246.44,396.64,129.18,20.92,31.31,3.62,10.33,16.09,14.26,-10.22,-16.67,-36.44,-34.33,11.4,-85.39,26.64,14.58,137.85,21.73,14.88,6.43,109.77,38.26,13.2,11.38
2021-06-30,2021,6,2021-06,58.22,29.86,132.29,43.46,46.64,-3.1,142.52,575.08,219.72,204.73,150.64,-8.2,-12.35,-5.02,-14.39,4.87,3.82,-7.66,-14.98,-50.81,-52.14,10.45,-77.12,-10.1,-6.62,-27.28,-4.53,-5.97,-2.65,-10.7,-4.97,-10.6,-6.57
2021-07-31,2021,7,2021-07,53.99,27.28,141.52,46.81,65.49,-5.06,140.17,568.58,214.11,196.75,157.72,-7.56,-12.28,-9.91,-26.65,-2.31,-1.61,4.64,11.0,-32.43,-33.12,8.67,-63.15,-8.86,-5.95,-53.9,-8.66,-19.82,-8.47,-2.91,-1.46,-31.17,-16.5
2021-08-31,2021,8,2021-08,45.99,27.31,117.67,45.92,84.65,-4.6,139.91,522.23,195.97,198.6,127.66,-8.61,-15.77,-5.77,-17.44,-9.82,-7.7,6.4,16.19,3.09,3.79,9.28,-66.86,0.43,0.31,-59.08,-10.16,-25.45,-11.49,22.27,12.63,-55.9,-30.45
2021-09-30,2021,9,2021-09,60.64,28.89,150.68,39.15,89.11,-5.46,166.07,626.74,216.98,245.99,163.77,-9.53,-13.58,-6.85,-19.17,0.64,0.43,-1.21,-3.0,11.02,14.11,6.83,-55.57,-1.82,-1.08,-53.77,-7.9,-26.74,-10.97,-5.69,-2.26,-21.34,-11.53
2021-10-31,2021,10,2021-10,99.6,39.15,167.53,40.0,101.23,-3.17,221.71,805.73,234.07,427.07,144.59,-14.34,-12.59,-6.64,-14.5,5.14,3.17,-22.05,-35.54,0.9,0.9,5.13,-61.81,-12.52,-5.35,-96.29,-10.67,-39.73,-14.51,-45.42,-9.61,-11.14,-7.15
2021-11-30,2021,11,2021-11,175.39,60.22,239.57,64.62,106.01,-1.36,323.08,1207.27,281.51,717.93,207.83,24.22,16.02,4.11,7.32,21.89,10.06,-1.83,-2.75,13.04,14.03,9.82,-87.84,18.18,5.96,75.43,6.66,-9.37,-3.22,63.42,9.69,21.38,11.47
2021-12-31,2021,12,2021-12,186.47,61.57,290.11,76.98,105.91,-2.14,356.96,1339.21,278.38,862.93,197.9,5.35,2.95,-4.42,-6.7,22.69,8.48,-2.38,-3.0,7.42,7.53,2.6,-54.85,-3.63,-1.01,-16.31,-1.2,-13.96,-4.78,-4.76,-0.55,2.41,1.23
2022-01-31,2022,1,2022-01,203.72,67.22,294.84,65.64,104.8,-9.68,362.79,1406.08,281.97,918.72,205.38,-3.63,-1.75,-7.45,-9.98,-2.72,-0.91,-25.44,-27.93,12.55,13.6,-9.06,1461.29,-47.1,-11.49,-126.53,-8.26,-34.96,-11.03,-91.65,-9.07,0.07,0.03
2022-02-28,2022,2,2022-02,170.42,56.21,260.77,57.93,103.25,-11.45,329.66,1223.53,266.22,804.35,152.96,-7.24,-4.08,-12.15,-17.77,4.18,1.63,-24.4,-29.64,17.59,20.53,-8.32,265.81,-58.7,-15.11,-167.15,-12.02,-54.05,-16.88,-87.25,-9.79,-25.84,-14.45
2022-03-31,2022,3,2022-03,141.77,46.12,238.06,49.3,99.97,-11.85,302.4,1095.78,251.06,659.59,185.13,-16.07,-10.18,-13.27,-22.34,8.64,3.77,-25.38,-33.99,6.48,6.93,-8.54,258.01,-32.84,-9.8,-121.66,-9.99,-45.03,-15.21,-81.85,-11.04,5.22,2.9
2022-04-30,2022,4,2022-04,110.75,38.58,162.76,50.96,102.82,-12.95,240.61,862.0,224.41,481.21,156.38,-15.74,-12.44,-15.69,-28.91,-26.62,-14.06,-26.04,-33.82,30.98,43.12,-6.53,101.71,-51.02,-17.49,-190.35,-18.09,-42.91,-16.05,-118.78,-19.8,-28.65,-15.48
2022-05-31,2022,5,2022-05,67.67,29.54,125.45,41.08,106.37,-12.61,152.43,608.67,209.52,252.6,146.55,-20.07,-22.87,-9.14,-23.63,-3.47,-2.69,-9.99,-19.56,36.67,52.61,-10.66,546.67,-56.91,-27.19,-163.59,-21.18,-36.92,-14.98,-144.04,-36.32,17.37,13.45
2022-06-30,2022,6,2022-06,58.98,27.73,130.49,31.66,104.71,-11.02,126.84,552.16,200.26,197.47,154.43,0.76,1.31,-2.13,-7.13,-1.8,-1.36,-11.8,-27.15,58.07,124.51,-7.92,255.48,-15.68,-11.0,-22.92,-3.99,-19.46,-8.86,-7.26,-3.55,3.79,2.52
2022-07-31,2022,7,2022-07,56.87,26.32,135.22,36.45,99.96,-8.36,112.91,525.15,171.07,173.85,180.23,2.88,5.33,-0.96,-3.52,-6.3,-4.45,-10.36,-22.13,34.47,52.63,-3.3,65.22,-27.26,-19.45,-43.43,-7.64,-43.04,-20.1,-22.9,-11.64,22.51,14.27
2022-08-31,2022,8,2022-08,51.99,28.16,113.76,35.64,92.54,-5.97,106.99,491.31,168.73,157.88,164.7,6.0,13.05,0.85,3.11,-3.91,-3.32,-10.28,-22.39,7.89,9.32,-1.37,29.78,-32.92,-23.53,-30.92,-5.92,-27.24,-13.9,-40.72,-20.5,37.04,29.01
2022-09-30,2022,9,2022-09,68.0,30.35,126.0,33.89,109.9,-6.07,143.5,576.49,185.21,234.47,156.81,7.36,12.14,1.46,5.05,-24.68,-16.38,-5.26,-13.44,20.79,23.33,-0.61,11.17,-22.57,-13.59,-50.25,-8.02,-31.77,-14.64,-11.52,-4.68,-6.96,-4.25
2022-10-31,2022,10,2022-10,77.85,34.21,124.61,33.32,106.44,-11.67,162.41,632.53,195.72,284.84,151.97,-21.75,-21.84,-4.94,-12.62,-42.92,-25.62,-6.68,-16.7,5.21,5.15,-8.5,268.14,-59.3,-26.75,-173.2,-21.5,-38.35,-16.38,-142.23,-33.3,7.38,5.1
2022-11-30,2022,11,2022-11,126.57,41.56,175.79,43.15,106.52,-5.27,243.16,910.24,222.25,531.12,156.87,-48.82,-27.84,-18.66,-30.99,-63.78,-26.62,-21.47,-33.23,0.51,0.48,-3.91,287.5,-79.92,-24.74,-297.03,-24.6,-59.26,-21.05,-186.81,-26.02,-50.96,-24.52
2022-12-31,2022,12,2022-12,170.87,56.91,223.05,46.87,107.48,-0.04,323.18,1199.58,236.49,794.61,168.49,-15.6,-8.37,-4.66,-7.57,-67.06,-23.12,-30.11,-39.11,1.57,1.48,2.1,-98.13,-33.78,-9.46,-139.63,-10.43,-41.89,-15.05,-68.32,-7.92,-29.41,-14.86
2023-01-31,2023,1,2023-01,168.17,55.63,226.84,46.57,103.97,-1.26,302.6,1146.42,231.26,770.85,144.31,-35.55,-17.45,-11.59,-17.24,-68.0,-23.06,-19.07,-29.05,-0.83,-0.79,8.42,-86.98,-60.19,-16.59,-259.66,-18.47,-50.71,-17.98,-147.87,-16.1,-61.07,-29.74
2023-02-28,2023,2,2023-02,168.95,56.39,236.47,42.83,95.96,-4.67,312.03,1151.64,236.14,737.42,178.07,-1.47,-0.86,0.18,0.32,-24.3,-9.32,-15.1,-26.07,-7.29,-7.06,6.78,-59.21,-17.63,-5.35,-71.89,-5.88,-30.08,-11.3,-66.93,-8.32,25.11,16.42
2023-03-31,2023,3,2023-03,131.35,50.29,178.18,41.67,96.98,-11.55,269.85,984.64,220.15,612.61,151.88,-10.42,-7.35,4.17,9.04,-59.88,-25.15,-7.63,-15.48,-2.99,-2.99,0.3,-2.53,-32.55,-10.76,-111.14,-10.14,-30.91,-12.31,-46.98,-7.12,-33.25,-17.96
2023-04-30,2023,4,2023-04,97.36,39.74,142.17,33.2,98.22,-8.56,221.14,782.95,198.31,449.15,135.48,-13.39,-12.09,1.16,3.01,-20.59,-12.65,-17.76,-34.85,-4.6,-4.47,4.39,-33.9,-19.47,-8.09,-79.05,-9.17,-26.1,-11.63,-32.06,-6.66,-20.9,-13.36
2023-05-31,2023,5,2023-05,58.77,27.11,115.49,26.21,92.99,-12.58,145.97,547.06,175.8,252.92,118.34,-8.9,-13.15,-2.43,-8.23,-9.96,-7.94,-14.87,-36.2,-13.38,-12.58,0.03,-0.24,-6.46,-4.24,-61.61,-10.12,-33.72,-16.09,0.32,0.13,-28.21,-19.25
2023-06-30,2023,6,2023-06,50.92,25.81,113.99,25.48,93.01,-9.54,116.64,484.29,173.26,173.02,138.01,-8.06,-13.67,-1.92,-6.92,-16.5,-12.64,-6.18,-19.52,-11.7,-11.17,1.48,-13.43,-10.2,-8.04,-67.87,-12.29,-27.0,-13.48,-24.45,-12.38,-16.42,-10.63
2023-07-31,2023,7,2023-07,47.5,22.94,129.09,28.01,93.57,-12.82,109.63,470.86,164.21,163.39,143.26,-9.37,-16.48,-3.38,-12.84,-6.13,-4.53,-8.44,-23.16,-6.39,-6.39,-4.46,53.35,-3.28,-2.9,-54.29,-10.34,-6.86,-4.01,-10.46,-6.02,-36.97,-20.51
2023-08-31,2023,8,2023-08,43.79,24.73,100.45,25.93,78.58,-7.38,114.94,459.79,163.6,158.41,137.78,-8.2,-15.77,-3.43,-12.18,-13.31,-11.7,-9.71,-27.24,-13.96,-15.09,-1.41,23.62,7.95,7.43,-31.52,-6.42,-5.13,-3.04,0.53,0.34,-26.92,-16.34
2023-09-30,2023,9,2023-09,50.05,25.93,125.57,21.68,85.64,-2.33,120.13,503.1,182.26,182.58,138.25,-17.95,-26.4,-4.42,-14.56,-0.43,-0.34,-12.21,-36.03,-24.26,-22.07,3.74,-61.61,-23.37,-16.29,-73.39,-12.73,-2.95,-1.59,-51.89,-22.13,-18.56,-11.84
2023-10-31,2023,10,2023-10,67.8,30.57,129.29,25.28,88.99,-0.59,173.68,627.43,197.08,301.8,128.55,-10.05,-12.91,-3.64,-10.64,4.68,3.76,-8.04,-24.13,-17.45,-16.39,11.08,-94.94,11.27,6.94,-5.1,-0.81,1.36,0.69,16.96,5.95,-23.42,-15.41
2023-11-30,2023,11,2023-11,126.83,46.29,179.34,28.71,88.58,-1.02,271.66,965.16,228.88,594.14,142.13,0.26,0.21,4.73,11.38,3.55,2.02,-14.44,-33.46,-17.94,-16.84,4.25,-80.65,28.5,11.72,54.92,6.03,6.63,2.98,63.02,11.87,-14.74,-9.4
2023-12-31,2023,12,2023-12,145.88,50.2,218.2,30.83,90.99,-0.16,300.62,1080.57,227.74,706.19,146.63,-24.99,-14.63,-6.71,-11.79,-4.85,-2.17,-16.04,-34.22,-16.49,-15.34,-0.12,300.0,-22.56,-6.98,-119.01,-9.92,-8.75,-3.7,-88.42,-11.13,-21.86,-12.97
2024-01-31,2024,1,2024-01,172.3,61.81,237.98,36.12,90.64,-0.08,353.44,1267.87,252.83,834.95,180.09,4.13,2.46,6.18,11.11,11.14,4.91,-10.45,-22.44,-13.33,-12.82,1.18,-93.65,50.84,16.8,121.45,10.59,21.57,9.33,64.1,8.32,35.78,24.79
2024-02-29,2024,2,2024-02,131.06,46.84,206.1,37.4,89.12,-0.29,270.7,1002.66,227.57,637.2,137.9,-37.89,-22.43,-9.55,-16.94,-30.37,-12.84,-5.43,-12.68,-6.84,-7.13,4.38,-93.79,-41.33,-13.25,-148.98,-12.94,-8.57,-3.63,-100.22,-13.59,-40.17,-22.56
2024-03-31,2024,3,2024-03,115.12,42.69,171.5,29.75,88.46,-0.11,242.16,887.28,217.33,546.3,123.65,-16.23,-12.36,-7.6,-15.11,-6.68,-3.75,-11.92,-28.61,-8.52,-8.79,11.44,-99.05,-27.69,-10.26,-97.36,-9.89,-2.82,-1.28,-66.31,-10.82,-28.23,-18.59
2024-04-30,2024,4,2024-04,84.62,36.3,127.74,21.78,88.22,-0.02,203.96,707.37,202.28,407.76,97.33,-12.74,-13.09,-3.44,-8.66,-14.43,-10.15,-11.42,-34.4,-10.0,-10.18,8.54,-99.77,-17.18,-7.77,-75.58,-9.65,3.97,2.0,-41.39,-9.22,-38.15,-28.16
2024-05-31,2024,5,2024-05,57.69,25.64,106.96,24.74,84.59,-0.01,139.6,518.09,185.44,237.19,95.46,-1.08,-1.84,-1.47,-5.42,-8.53,-7.39,-1.47,-5.61,-8.4,-9.03,12.57,-99.92,-6.37,-4.36,-28.97,-5.3,9.64,5.48,-15.73,-6.22,-22.88,-19.33
2024-06-30,2024,6,2024-06,48.57,24.68,107.46,22.19,66.86,-0.05,129.78,480.86,180.96,202.51,97.39,-2.35,-4.62,-1.13,-4.38,-6.53,-5.73,-3.29,-12.91,-26.15,-28.12,9.49,-99.48,13.14,11.27,-3.43,-0.71,7.7,4.44,29.49,17.04,-40.62,-29.43
2024-07-31,2024,7,2024-07,44.33,21.71,127.81,25.35,76.54,-0.01,114.68,468.62,174.12,172.56,121.94,-3.17,-6.67,-1.23,-5.36,-1.28,-0.99,-2.66,-9.5,-17.03,-18.2,12.81,-99.92,5.05,4.61,-2.24,-0.48,9.91,6.03,9.17,5.61,-21.32,-14.88
2024-08-31,2024,8,2024-08,37.93,20.81,111.1,26.44,70.7,-0.0,108.96,423.57,159.22,151.25,113.09,-5.86,-13.38,-3.92,-15.85,10.65,10.6,0.51,1.97,-7.88,-10.03,7.38,-100.0,-5.98,-5.2,-36.22,-7.88,-4.38,-2.68,-7.16,-4.52,-24.69,-17.92
2024-09-30,2024,9,2024-09,51.78,25.82,126.86,20.53,70.76,-0.14,135.29,529.36,185.98,221.32,122.06,1.73,3.46,-0.11,-0.42,1.29,1.03,-1.15,-5.3,-14.88,-17.38,2.19,-93.99,15.16,12.62,26.26,5.22,3.72,2.04,38.74,21.22,-16.19,-11.71
2024-10-31,2024,10,2024-10,70.39,32.62,131.14,24.86,85.74,-0.07,186.67,670.93,205.27,342.29,123.37,2.59,3.82,2.05,6.71,1.85,1.43,-0.42,-1.66,-3.25,-3.65,0.52,-88.14,12.99,7.48,43.5,6.93,8.19,4.16,40.49,13.42,-5.18,-4.03
2024-11-30,2024,11,2024-11,126.77,51.58,202.65,25.98,83.22,0.0,292.8,1050.35,242.87,617.82,189.66,-0.06,-0.05,5.29,11.43,23.31,13.0,-2.73,-9.51,-5.36,-6.05,1.02,-100.0,21.14,7.78,85.19,8.83,13.99,6.11,23.68,3.99,47.53,33.44
2024-12-31,2024,12,2024-12,151.7,54.05,239.9,27.42,84.54,-0.0,322.4,1150.08,234.35,750.32,165.42,5.82,3.99,3.85,7.67,21.7,9.95,-3.41,-11.06,-6.45,-7.09,0.16,-100.0,21.78,7.25,69.51,6.43,6.61,2.9,44.13,6.25,18.79,12.81
2025-01-31,2025,1,2025-01,166.96,62.53,244.65,25.39,84.33,0.0,360.11,1302.55,255.87,849.94,196.73,-5.34,-3.1,0.72,1.16,6.67,2.8,-10.73,-29.71,-6.31,-6.96,0.08,-100.0,6.67,1.89,34.68,2.74,3.04,1.2,14.99,1.8,16.64,9.24
2025-02-28,2025,2,2025-02,153.8,59.75,244.53,25.46,84.44,-4.42,356.79,1244.02,250.04,790.66,203.33,22.74,17.35,12.91,27.56,38.43,18.65,-11.94,-31.93,-4.68,-5.25,-4.13,1424.14,86.09,31.8,241.36,24.07,22.47,9.87,153.46,24.08,65.43,47.45
2025-03-31,2025,3,2025-03,114.21,43.22,186.89,27.87,84.6,-4.06,263.47,929.46,219.36,556.6,153.51,-0.91,-0.79,0.53,1.24,15.39,8.97,-1.88,-6.32,-3.86,-4.36,-3.95,3590.91,21.31,8.8,42.18,4.75,2.03,0.93,10.3,1.89,29.86,24.15
2025-04-30,2025,4,2025-04,68.33,33.16,129.54,27.87,84.27,-7.0,185.6,646.17,193.5,342.05,110.63,-16.29,-19.25,-3.14,-8.65,1.8,1.41,6.09,27.96,-3.95,-4.48,-6.98,34900.0,-18.36,-9.0,-61.2,-8.65,-8.78,-4.34,-65.71,-16.11,13.3,13.66
2025-05-31,2025,5,2025-05,47.79,25.52,100.48,22.46,81.72,-10.08,145.07,491.41,177.86,228.04,85.51,-9.9,-17.16,-0.12,-0.47,-6.48,-6.06,-2.28,-9.22,-2.87,-3.39,-10.07,100700.0,5.47,3.92,-26.68,-5.15,-7.58,-4.09,-9.15,-3.86,-9.95,-10.42
2025-06-30,2025,6,2025-06,41.19,23.02,111.71,25.89,75.28,-9.82,112.2,436.5,166.75,175.38,94.37,-7.38,-15.19,-1.66,-6.73,4.25,3.95,3.7,16.67,8.42,12.59,-9.77,19540.0,-17.58,-13.55,-44.36,-9.23,-14.21,-7.85,-27.13,-13.4,-3.02,-3.1
2025-07-31,2025,7,2025-07,39.99,21.64,122.96,26.22,78.87,-6.36,109.42,451.05,169.12,162.69,119.24,-4.34,-9.79,-0.07,-0.32,-4.85,-3.79,0.87,3.43,2.33,3.04,-6.35,63500.0,-5.26,-4.59,-17.57,-3.75,-5.0,-2.87,-9.87,-5.72,-2.7,-2.21
2025-08-31,2025,8,2025-08,1.23,0.79,3.42,0.97,2.61,-0.26,3.49,14.37,3.68,5.46,3.65,-36.7,-96.76,-20.02,-96.2,-107.68,-96.92,-25.47,-96.33,-68.09,-96.31,-0.26,inf,-105.47,-96.8,-409.2,-96.61,-155.54,-97.69,-145.79,-96.39,-109.44,-96.77
2025-09-30,2025,9,2025-09,0.0,0.0,0.0,0.0,0.0,0.0,0.0,0.0,0.0,0.0,0.0,-51.78,-100.0,-25.82,-100.0,-126.86,-100.0,-20.53,-100.0,-70.76,-100.0,0.14,-100.0,-135.29,-100.0,-529.36,-100.0,-185.98,-100.0,-221.32,-100.0,-122.06,-100.0
2025-10-31,2025,10,2025-10,0.0,0.0,0.0,0.0,0.0,0.0,0.0,0.0,0.0,0.0,0.0,-70.39,-100.0,-32.62,-100.0,-131.14,-100.0,-24.86,-100.0,-85.74,-100.0,0.07,-100.0,-186.67,-100.0,-670.93,-100.0,-205.27,-100.0,-342.29,-100.0,-123.37,-100.0
2025-11-30,2025,11,2025-11,0.0,0.0,0.0,0.0,0.0,0.0,0.0,0.0,0.0,0.0,0.0,-126.77,-100.0,-51.58,-100.0,-202.65,-100.0,-25.98,-100.0,-83.22,-100.0,0.0,,-292.8,-100.0,-1050.35,-100.0,-242.87,-100.0,-617.82,-100.0,-189.66,-100.0
2025-12-31,2025,12,2025-12,0.0,0.0,0.0,0.0,0.0,0.0,0.0,0.0,0.0,0.0,0.0,-151.7,-100.0,-54.05,-100.0,-239.9,-100.0,-27.42,-100.0,-84.54,-100.0,0.0,,-322.4,-100.0,-1150.08,-100.0,-234.35,-100.0,-750.32,-100.0,-165.42,-100.0
