Date,Year,Month,Year-Month,Slovakia,Russia (Nord Stream),Norway,Netherlands,GB,LNG,Algeria,Libya,Spain,Denmark,Czech and Poland,Austria,Slovenia,MAB,TAP,Austria.1,Italy,Germany,Total,Other border point net flows,North Africa,Other production,Slovakia_YOY_Abs,Slovakia_YOY_Pct,Russia (Nord Stream)_YOY_Abs,Russia (Nord Stream)_YOY_Pct,Norway_YOY_Abs,Norway_YOY_Pct,Netherlands_YOY_Abs,Netherlands_YOY_Pct,GB_YOY_Abs,GB_YOY_Pct,LNG_YOY_Abs,LNG_YOY_Pct,Algeria_YOY_Abs,Algeria_YOY_Pct,Libya_YOY_Abs,Libya_YOY_Pct,Spain_YOY_Abs,Spain_YOY_Pct,Denmark_YOY_Abs,Denmark_YOY_Pct,Czech and Poland_YOY_Abs,Czech and Poland_YOY_Pct,Austria_YOY_Abs,Austria_YOY_Pct,Slovenia_YOY_Abs,Slovenia_YOY_Pct,MAB_YOY_Abs,MAB_YOY_Pct,TAP_YOY_Abs,TAP_YOY_Pct,Austria.1_YOY_Abs,Austria.1_YOY_Pct,Italy_YOY_Abs,Italy_YOY_Pct,Germany_YOY_Abs,Germany_YOY_Pct,Total_YOY_Abs,Total_YOY_Pct,Other border point net flows_YOY_Abs,Other border point net flows_YOY_Pct,North Africa_YOY_Abs,North Africa_YOY_Pct,Other production_YOY_Abs,Other production_YOY_Pct
2017-10-31,2017,10,2017-10,99.01,159.55,317.5,101.81,117.64,48.71,55.88,14.75,-12.28,1.08,38.07,2.29,-3.97,-4.18,0.0,2.29,14.18,13.22,950.26,264.28,70.63,29.69,-19.43,-16.4,38.12,31.39,13.75,4.53,-11.48,-10.13,17.09,17.0,-4.8,-8.97,6.55,13.28,2.41,19.53,-2.23,22.19,-0.03,-2.7,-16.04,-29.64,-0.12,-4.98,2.44,-38.07,7.08,-62.88,0.0,,-0.12,-4.98,-1.88,-11.71,-1.17,-8.13,25.86,2.8,5.49,2.12,8.96,14.53,-3.17,-9.65
2017-11-30,2017,11,2017-11,120.22,159.55,334.95,120.35,118.39,52.12,63.43,13.74,-8.9,1.84,42.56,2.93,-4.18,-3.74,0.0,2.93,14.38,13.24,1030.18,296.63,77.18,30.55,12.67,11.78,39.14,32.51,14.36,4.48,-32.51,-21.27,15.62,15.2,0.93,1.82,4.72,8.04,-1.26,-8.4,0.86,-8.81,2.72,-309.09,-32.74,-43.48,0.23,8.52,2.93,-41.21,3.72,-49.87,0.0,,0.23,8.52,-1.61,-10.07,-1.29,-8.88,27.79,2.77,28.57,10.66,3.47,4.71,-2.67,-8.04
2017-12-31,2017,12,2017-12,108.62,159.44,332.41,145.37,85.46,50.81,64.35,10.69,-10.78,1.1,52.91,2.98,-4.67,4.11,0.0,2.98,14.03,13.47,1020.35,300.77,75.04,30.48,17.29,18.93,34.65,27.77,12.43,3.88,-15.3,-9.52,-22.9,-21.13,11.78,30.18,-5.01,-7.22,-1.71,-13.79,1.29,-10.69,1.0,1000.0,-25.7,-32.69,0.28,10.37,3.09,-39.82,9.66,-174.05,0.0,,0.28,10.37,-1.89,-11.87,-1.26,-8.55,20.44,2.04,44.01,17.14,-6.72,-8.22,-2.87,-8.61
2018-01-31,2018,1,2018-01,68.14,159.44,336.75,143.67,109.1,44.99,65.22,9.74,-11.17,4.68,53.0,2.79,-4.23,4.98,0.0,2.79,13.95,15.98,1008.92,266.74,74.95,32.72,-55.23,-44.77,1.01,0.64,-9.59,-2.77,-37.8,-20.83,-18.54,-14.53,8.73,24.08,-0.19,-0.29,-5.07,-34.23,2.18,-16.33,5.81,-514.16,7.65,16.87,-0.01,-0.36,4.66,-52.42,9.5,-210.18,0.0,,-0.01,-0.36,-0.96,-6.44,0.03,0.19,-85.56,-7.82,-22.14,-7.66,-5.27,-6.57,-0.94,-2.79
2018-02-28,2018,2,2018-02,103.63,159.44,329.31,155.17,112.95,50.07,66.9,11.78,-11.93,2.08,36.87,2.84,-4.98,7.69,0.0,2.84,13.99,16.11,1048.62,289.48,78.69,32.94,3.7,3.7,33.93,27.03,-4.17,-1.25,-17.65,-10.21,-0.46,-0.41,2.64,5.57,-2.1,-3.04,-0.32,-2.64,-2.69,29.11,-0.67,-24.36,-16.8,-31.3,0.29,11.37,2.79,-35.91,14.49,-213.09,0.0,,0.29,11.37,-1.61,-10.32,1.12,7.47,20.28,1.97,42.52,17.22,-2.41,-2.97,-0.21,-0.63
2018-03-31,2018,3,2018-03,118.16,158.73,320.58,128.87,104.19,69.22,65.12,15.24,-7.78,-2.4,59.93,2.82,-4.48,-3.98,0.0,2.82,13.73,15.11,1047.88,312.99,80.36,31.66,42.84,56.88,33.45,26.7,-9.56,-2.9,2.03,1.6,-5.2,-4.75,-13.23,-16.05,-3.73,-5.42,4.1,36.8,-3.73,92.1,-3.65,-292.0,5.97,11.06,0.32,12.8,1.59,-26.19,4.99,-55.63,0.0,,0.32,12.8,-1.52,-9.97,0.86,6.04,58.06,5.87,83.99,36.68,0.37,0.46,-0.34,-1.06
2018-04-30,2018,4,2018-04,136.35,159.5,307.08,70.67,112.63,80.35,37.17,0.44,-4.77,1.07,67.24,2.58,-2.67,-6.26,0.0,2.58,13.82,14.63,982.59,343.23,37.6,31.02,12.6,10.18,38.9,32.26,-16.8,-5.19,-26.66,-27.39,-0.16,-0.14,-18.29,-18.54,-12.16,-24.65,-9.37,-95.51,4.89,-50.62,0.13,13.83,13.27,24.59,-0.43,-14.29,2.69,-50.19,-0.84,15.5,0.0,,-0.43,-14.29,-0.03,-0.22,0.93,6.79,-6.36,-0.64,76.61,28.73,-21.53,-36.41,0.46,1.51
2018-05-31,2018,5,2018-05,115.79,159.33,280.73,62.77,103.02,95.76,28.62,6.79,-4.15,1.84,44.0,2.56,-2.4,-10.38,0.0,2.56,13.76,12.88,906.78,299.89,35.4,29.21,-6.26,-5.13,38.97,32.38,1.7,0.61,-17.31,-21.62,-5.16,-4.77,-2.66,-2.7,-11.41,-28.5,-6.65,-49.48,7.27,-63.66,0.91,97.85,-1.18,-2.61,-0.53,-17.15,2.48,-50.82,-2.73,35.69,0.0,,-0.53,-17.15,2.44,21.55,-0.36,-2.72,6.78,0.75,46.72,18.45,-18.07,-33.79,1.56,5.64
2018-06-30,2018,6,2018-06,115.06,159.48,275.55,56.17,83.51,55.45,33.7,12.5,-1.11,1.43,47.25,2.63,-2.35,-7.54,0.0,2.63,13.79,11.16,846.04,301.58,46.21,27.58,-2.26,-1.93,38.08,31.37,8.41,3.15,-11.78,-17.34,-14.15,-14.49,-16.09,-22.49,4.59,15.77,-0.2,-1.57,11.35,-91.09,1.13,376.67,14.66,44.98,-0.31,-10.54,2.83,-54.63,-2.3,43.89,0.0,,-0.31,-10.54,2.66,23.9,-2.0,-15.2,36.93,4.56,65.8,27.91,4.41,10.55,0.35,1.29
2018-07-31,2018,7,2018-07,121.21,91.56,313.19,60.92,94.93,50.39,34.5,12.0,-3.04,2.36,59.18,2.56,-2.36,-6.19,0.0,2.56,12.67,12.14,846.25,252.94,46.5,27.37,3.36,2.85,-29.47,-24.35,-0.13,-0.04,-4.99,-7.57,3.42,3.74,-35.98,-41.66,-1.68,-4.64,-0.1,-0.83,9.96,-76.62,2.42,-4033.33,26.77,82.6,-0.31,-10.8,3.13,-57.01,-1.65,36.34,0.0,,-0.31,-10.8,0.55,4.54,-1.45,-10.67,-23.97,-2.75,16.69,7.06,-1.78,-3.69,-1.21,-4.23
2018-08-31,2018,8,2018-08,111.16,159.66,297.1,55.87,85.64,52.94,26.11,12.3,-1.55,0.27,37.38,2.33,-2.27,-8.05,0.0,2.33,13.37,13.13,848.16,289.38,38.41,28.83,-34.3,-23.58,27.31,20.63,-10.23,-3.33,-16.35,-22.64,11.95,16.22,-16.84,-24.13,0.72,2.84,2.52,25.77,11.39,-88.02,0.42,-280.0,24.04,180.21,-0.48,-17.08,3.5,-60.66,2.71,-25.19,0.0,,-0.48,-17.08,-1.08,-7.47,1.05,8.69,10.42,1.24,39.18,15.66,3.24,9.21,-0.51,-1.74
2018-09-30,2018,9,2018-09,111.84,158.91,269.4,54.27,89.91,51.95,30.93,16.31,-8.48,1.7,37.78,1.69,-2.73,-6.08,0.0,1.69,13.31,14.42,824.53,282.34,47.24,29.42,-12.1,-9.76,65.25,69.67,-19.27,-6.68,-35.45,-39.51,-0.6,-0.66,-10.05,-16.21,0.27,0.88,4.76,41.21,2.02,-19.24,1.38,431.25,-8.37,-18.14,-0.76,-31.02,2.55,-48.3,2.78,-31.38,0.0,,-0.76,-31.02,-1.16,-8.02,2.07,16.76,-6.76,-0.81,53.44,23.35,5.03,11.92,0.14,0.48
2018-10-31,2018,10,2018-10,95.87,159.68,309.11,77.26,96.99,126.94,51.87,16.45,-11.14,0.58,44.9,2.39,-2.94,-6.0,0.0,2.39,13.22,15.27,978.57,269.08,68.32,30.88,-3.14,-3.17,0.13,0.08,-8.39,-2.64,-24.55,-24.11,-20.65,-17.55,78.23,160.6,-4.01,-7.18,1.7,11.53,1.14,-9.28,-0.5,-46.3,6.83,17.94,0.1,4.37,1.03,-25.94,-1.82,43.54,0.0,,0.1,4.37,-0.96,-6.77,2.05,15.51,28.31,2.98,4.8,1.82,-2.31,-3.27,1.19,4.01
2018-11-30,2018,11,2018-11,108.83,157.4,311.8,111.53,102.03,160.94,50.13,14.58,-13.26,0.89,42.19,2.37,-3.55,-3.9,0.0,2.37,13.19,15.14,1056.68,274.98,64.71,30.69,-11.39,-9.47,-2.15,-1.35,-23.15,-6.91,-8.82,-7.33,-16.36,-13.82,108.82,208.79,-13.3,-20.97,0.84,6.11,-4.36,48.99,-0.95,-51.63,-0.37,-0.87,-0.56,-19.11,0.63,-15.07,-0.16,4.28,0.0,,-0.56,-19.11,-1.19,-8.28,1.9,14.35,26.5,2.57,-21.65,-7.3,-12.47,-16.16,0.14,0.46
2018-12-31,2018,12,2018-12,115.04,160.45,315.4,118.76,95.15,139.57,51.15,12.91,-15.11,0.46,53.46,2.35,-4.18,1.78,0.0,2.35,13.13,15.36,1063.49,299.71,64.06,30.83,6.42,5.91,1.01,0.63,-17.01,-5.12,-26.61,-18.31,9.69,11.34,88.76,174.69,-13.2,-20.51,2.22,20.77,-4.33,40.17,-0.64,-58.18,0.55,1.04,-0.63,-21.14,0.49,-10.49,-2.33,-56.69,0.0,,-0.63,-21.14,-0.9,-6.41,1.89,14.03,43.14,4.23,-1.06,-0.35,-10.98,-14.63,0.35,1.15
2019-01-31,2019,1,2019-01,123.7,159.7,335.94,133.04,108.62,161.63,53.69,13.19,-18.1,0.45,56.91,2.26,-4.75,5.49,0.0,2.26,12.95,15.12,1146.42,309.99,66.88,30.33,55.56,81.54,0.26,0.16,-0.81,-0.24,-10.63,-7.4,-0.48,-0.44,116.64,259.26,-11.53,-17.68,3.45,35.42,-6.93,62.04,-4.23,-90.38,3.91,7.38,-0.53,-19.0,-0.52,12.29,0.51,10.24,0.0,,-0.53,-19.0,-1.0,-7.17,-0.86,-5.38,137.5,13.63,43.25,16.21,-8.07,-10.77,-2.39,-7.3
2019-02-28,2019,2,2019-02,108.47,159.58,329.39,112.55,105.07,160.79,39.35,13.51,-18.15,0.48,47.87,2.51,-4.46,-2.25,0.0,2.51,13.01,15.05,1070.04,278.81,52.86,30.57,4.84,4.67,0.14,0.09,0.08,0.02,-42.62,-27.47,-7.88,-6.98,110.72,221.13,-27.55,-41.18,1.73,14.69,-6.22,52.14,-1.6,-76.92,11.0,29.83,-0.33,-11.62,0.52,-10.44,-9.94,-129.26,0.0,,-0.33,-11.62,-0.98,-7.01,-1.06,-6.58,21.42,2.04,-10.67,-3.69,-25.83,-32.83,-2.37,-7.19
2019-03-31,2019,3,2019-03,131.87,159.38,323.9,107.91,103.37,226.39,15.18,14.84,-17.92,0.55,43.12,2.49,-3.7,-8.18,0.0,2.49,12.55,14.74,1113.17,291.8,30.02,29.78,13.71,11.6,0.65,0.41,3.32,1.04,-20.96,-16.26,-0.82,-0.79,157.17,227.06,-49.94,-76.69,-0.4,-2.62,-10.14,130.33,2.95,-122.92,-16.81,-28.05,-0.33,-11.7,0.78,-17.41,-4.2,105.53,0.0,,-0.33,-11.7,-1.18,-8.59,-0.37,-2.45,65.29,6.23,-21.19,-6.77,-50.34,-62.64,-1.88,-5.94
2019-04-30,2019,4,2019-04,138.79,159.61,303.89,67.66,102.29,253.03,23.26,15.92,-12.13,0.27,31.18,2.38,-3.9,-7.37,0.0,2.38,12.52,14.19,1087.8,292.65,39.18,29.09,2.44,1.79,0.11,0.07,-3.19,-1.04,-3.01,-4.26,-10.34,-9.18,172.68,214.91,-13.91,-37.42,15.48,3518.18,-7.36,154.3,-0.8,-74.77,-36.06,-53.63,-0.2,-7.75,-1.23,46.07,-1.11,17.73,0.0,,-0.2,-7.75,-1.3,-9.41,-0.44,-3.01,105.21,10.71,-50.58,-14.74,1.58,4.2,-1.93,-6.22
2019-05-31,2019,5,2019-05,131.39,159.46,284.52,61.58,100.49,213.13,25.83,17.13,-11.51,0.49,20.39,2.41,-3.07,-9.21,0.0,2.41,12.11,13.09,1005.37,275.08,42.96,27.61,15.6,13.47,0.13,0.08,3.79,1.35,-1.19,-1.9,-2.53,-2.46,117.37,122.57,-2.79,-9.75,10.34,152.28,-7.36,177.35,-1.35,-73.37,-23.61,-53.66,-0.15,-5.86,-0.67,27.92,1.17,-11.27,0.0,,-0.15,-5.86,-1.65,-11.99,0.21,1.63,98.59,10.87,-24.81,-8.27,7.56,21.36,-1.6,-5.48
2019-06-30,2019,6,2019-06,114.62,159.63,281.84,47.48,86.47,154.78,22.88,14.97,-9.56,1.31,10.84,2.42,-2.58,-6.47,0.0,2.42,11.71,12.82,889.28,253.91,37.84,26.95,-0.44,-0.38,0.15,0.09,6.29,2.28,-8.69,-15.47,2.96,3.54,99.33,179.13,-10.82,-32.11,2.47,19.76,-8.45,761.26,-0.12,-8.39,-36.41,-77.06,-0.21,-7.98,-0.23,9.79,1.07,-14.19,0.0,,-0.21,-7.98,-2.08,-15.08,1.66,14.87,43.24,5.11,-47.67,-15.81,-8.37,-18.11,-0.63,-2.28
2019-07-31,2019,7,2019-07,126.92,92.65,280.19,42.54,89.85,122.54,22.4,14.38,-11.15,2.42,16.41,2.4,-2.37,-5.6,0.0,2.4,11.69,11.83,803.31,205.49,36.79,25.92,5.71,4.71,1.09,1.19,-33.0,-10.54,-18.38,-30.17,-5.08,-5.35,72.15,143.18,-12.1,-35.07,2.38,19.83,-8.11,266.78,0.06,2.54,-42.77,-72.27,-0.16,-6.25,-0.01,0.42,0.59,-9.53,0.0,,-0.16,-6.25,-0.98,-7.73,-0.31,-2.55,-42.94,-5.07,-47.45,-18.76,-9.71,-20.88,-1.45,-5.3
2019-08-31,2019,8,2019-08,94.39,159.57,234.77,44.79,83.98,106.74,20.68,16.23,-13.18,1.27,-7.12,2.38,-4.19,-6.09,0.0,2.38,11.63,12.66,749.12,215.25,36.91,26.67,-16.77,-15.09,-0.09,-0.06,-62.33,-20.98,-11.08,-19.83,-1.66,-1.94,53.8,101.62,-5.43,-20.8,3.93,31.95,-11.63,750.32,1.0,370.37,-44.5,-119.05,0.05,2.15,-1.92,84.58,1.96,-24.35,0.0,,0.05,2.15,-1.74,-13.01,-0.47,-3.58,-99.04,-11.68,-74.13,-25.62,-1.5,-3.91,-2.16,-7.49
2019-09-30,2019,9,2019-09,101.9,153.9,168.3,50.23,93.64,115.08,23.74,14.22,-12.54,-2.12,41.34,1.84,-3.68,-4.26,0.0,1.84,11.25,12.04,751.94,261.59,37.96,25.13,-9.94,-8.89,-5.01,-3.15,-101.1,-37.53,-4.04,-7.44,3.73,4.15,63.13,121.52,-7.19,-23.25,-2.09,-12.81,-4.06,47.88,-3.82,-224.71,3.56,9.42,0.15,8.88,-0.95,34.8,1.82,-29.93,0.0,,0.15,8.88,-2.06,-15.48,-2.38,-16.5,-72.59,-8.8,-20.75,-7.35,-9.28,-19.64,-4.29,-14.58
2019-10-31,2019,10,2019-10,92.16,154.86,267.36,65.87,100.25,166.16,19.76,15.69,-14.91,-8.65,55.05,2.23,-4.33,-10.14,0.0,2.23,11.36,12.92,913.67,252.08,35.45,26.51,-3.71,-3.87,-4.82,-3.02,-41.75,-13.51,-11.39,-14.74,3.26,3.36,39.22,30.9,-32.11,-61.9,-0.76,-4.62,-3.77,33.84,-9.23,-1591.38,10.15,22.61,-0.16,-6.69,-1.39,47.28,-4.14,69.0,0.0,,-0.16,-6.69,-1.86,-14.07,-2.35,-15.39,-64.9,-6.63,-17.0,-6.32,-32.87,-48.11,-4.37,-14.15
2019-11-30,2019,11,2019-11,132.73,158.85,302.27,108.84,114.25,249.7,20.65,15.67,0.02,-10.81,59.43,2.27,-5.03,-3.25,0.0,2.27,11.15,13.24,1163.89,325.84,36.32,26.66,23.9,21.96,1.45,0.92,-9.53,-3.06,-2.69,-2.41,12.22,11.98,88.76,55.15,-29.48,-58.81,1.09,7.48,13.28,-100.15,-11.7,-1314.61,17.24,40.86,-0.1,-4.22,-1.48,41.69,0.65,-16.67,0.0,,-0.1,-4.22,-2.04,-15.47,-1.9,-12.55,107.21,10.15,50.86,18.5,-28.39,-43.87,-4.03,-13.13
2019-12-31,2019,12,2019-12,122.64,158.91,313.66,111.0,110.04,231.78,35.74,14.26,5.96,-9.67,59.29,2.23,-5.17,-5.82,0.0,2.23,10.77,13.41,1157.42,314.53,50.0,26.4,7.6,6.61,-1.54,-0.96,-1.74,-0.55,-7.76,-6.53,14.89,15.65,92.21,66.07,-15.41,-30.13,1.35,10.46,21.07,-139.44,-10.13,-2202.17,5.83,10.91,-0.12,-5.11,-0.99,23.68,-7.6,-426.97,0.0,,-0.12,-5.11,-2.36,-17.97,-1.95,-12.7,93.93,8.83,14.82,4.94,-14.06,-21.95,-4.43,-14.37
2020-01-31,2020,1,2020-01,59.39,161.2,308.36,104.42,108.68,205.24,40.5,11.56,-6.06,-5.52,9.68,2.19,-5.93,5.46,0.0,2.19,10.6,13.05,1009.96,205.36,52.06,25.84,-64.31,-51.99,1.5,0.94,-27.58,-8.21,-28.62,-21.51,0.06,0.06,43.61,26.98,-13.19,-24.57,-1.63,-12.36,12.04,-66.52,-5.97,-1326.67,-47.23,-82.99,-0.07,-3.1,-1.18,24.84,-0.03,-0.55,0.0,,-0.07,-3.1,-2.35,-18.15,-2.07,-13.69,-136.46,-11.9,-104.63,-33.75,-14.82,-22.16,-4.49,-14.8
2020-02-29,2020,2,2020-02,83.77,159.59,308.58,103.07,105.13,214.33,23.46,11.17,-9.82,-6.43,6.78,2.36,-5.33,0.63,0.0,2.36,10.73,12.92,1007.08,215.33,34.63,26.01,-24.7,-22.77,0.01,0.01,-20.81,-6.32,-9.48,-8.42,0.06,0.06,53.54,33.3,-15.89,-40.38,-2.34,-17.32,8.33,-45.9,-6.91,-1439.58,-41.09,-85.84,-0.15,-5.98,-0.87,19.51,2.88,-128.0,0.0,,-0.15,-5.98,-2.28,-17.52,-2.13,-14.15,-62.96,-5.88,-63.48,-22.77,-18.23,-34.49,-4.56,-14.92
2020-03-31,2020,3,2020-03,110.72,158.17,316.96,73.11,99.79,232.36,7.08,12.11,-5.68,-7.3,-15.68,2.06,-4.99,-3.34,0.0,2.06,10.43,11.56,983.83,218.36,19.19,24.05,-21.15,-16.04,-1.21,-0.76,-6.94,-2.14,-34.8,-32.25,-3.58,-3.46,5.97,2.64,-8.1,-53.36,-2.73,-18.4,12.24,-68.3,-7.85,-1427.27,-58.8,-136.36,-0.43,-17.27,-1.29,34.86,4.84,-59.17,0.0,,-0.43,-17.27,-2.12,-16.89,-3.18,-21.57,-129.34,-11.62,-73.44,-25.17,-10.83,-36.08,-5.73,-19.24
2020-04-30,2020,4,2020-04,106.61,159.63,275.36,67.25,105.92,245.69,15.61,17.3,-6.62,-6.87,-10.16,1.8,-3.41,-2.65,0.0,1.8,10.27,11.79,973.68,222.69,32.91,23.86,-32.18,-23.19,0.02,0.01,-28.53,-9.39,-0.41,-0.61,3.63,3.55,-7.34,-2.9,-7.65,-32.89,1.38,8.67,5.51,-45.42,-7.14,-2644.44,-41.34,-132.58,-0.58,-24.37,0.49,-12.56,4.72,-64.04,0.0,,-0.58,-24.37,-2.25,-17.97,-2.4,-16.91,-114.12,-10.49,-69.96,-23.91,-6.27,-16.0,-5.23,-17.98
2020-05-31,2020,5,2020-05,101.86,159.64,243.31,61.29,106.14,226.54,16.31,12.31,-4.02,-7.25,-26.87,1.81,-3.04,-6.27,0.0,1.81,10.19,12.25,890.85,200.7,28.62,24.25,-29.53,-22.48,0.18,0.11,-41.21,-14.48,-0.29,-0.47,5.65,5.62,13.41,6.29,-9.52,-36.86,-4.82,-28.14,7.49,-65.07,-7.74,-1579.59,-47.26,-231.78,-0.6,-24.9,0.03,-0.98,2.94,-31.92,0.0,,-0.6,-24.9,-1.92,-15.85,-0.84,-6.42,-114.52,-11.39,-74.38,-27.04,-14.34,-33.38,-3.36,-12.17
2020-06-30,2020,6,2020-06,104.11,159.77,269.9,51.12,97.45,122.04,19.18,10.44,-7.74,-7.57,-12.62,1.73,-3.25,-8.54,0.0,1.73,10.05,11.45,803.98,210.61,29.63,23.23,-10.51,-9.17,0.14,0.09,-11.94,-4.24,3.64,7.67,10.98,12.7,-32.74,-21.15,-3.7,-16.17,-4.53,-30.26,1.82,-19.04,-8.88,-677.86,-23.46,-216.42,-0.69,-28.51,-0.67,25.97,-2.07,31.99,0.0,,-0.69,-28.51,-1.66,-14.18,-1.37,-10.69,-85.3,-9.59,-43.3,-17.05,-8.21,-21.7,-3.72,-13.8
2020-07-31,2020,7,2020-07,83.2,96.73,275.35,42.17,97.92,121.3,27.77,12.33,-10.5,-7.85,-16.85,2.08,-3.68,-12.07,0.0,2.08,10.01,11.11,715.29,115.25,40.1,23.2,-43.72,-34.45,4.08,4.4,-4.84,-1.73,-0.37,-0.87,8.07,8.98,-1.24,-1.01,5.37,23.97,-2.05,-14.26,0.65,-5.83,-10.27,-424.38,-33.26,-202.68,-0.32,-13.33,-1.31,55.27,-6.47,115.54,0.0,,-0.32,-13.33,-1.68,-14.37,-0.72,-6.09,-88.02,-10.96,-90.24,-43.91,3.31,9.0,-2.72,-10.49
2020-08-31,2020,8,2020-08,95.44,159.62,254.33,39.52,81.56,100.82,33.51,7.79,-12.32,-6.6,-27.52,1.94,-6.37,-11.79,0.0,1.94,10.0,10.22,716.27,176.58,41.3,22.16,1.05,1.11,0.05,0.03,19.56,8.33,-5.27,-11.77,-2.42,-2.88,-5.92,-5.55,12.83,62.04,-8.44,-52.0,0.86,-6.53,-7.87,-619.69,-20.4,286.52,-0.44,-18.49,-2.18,52.03,-5.7,93.6,0.0,,-0.44,-18.49,-1.63,-14.02,-2.44,-19.27,-32.85,-4.39,-38.67,-17.97,4.39,11.89,-4.51,-16.91
2020-09-30,2020,9,2020-09,94.95,158.06,262.15,40.36,78.09,105.81,34.03,12.31,-6.67,-5.81,5.35,1.66,-3.39,-7.96,0.0,1.66,9.83,8.78,775.26,222.24,46.34,20.27,-6.95,-6.82,4.16,2.7,93.85,55.76,-9.87,-19.65,-15.55,-16.61,-9.27,-8.06,10.29,43.34,-1.91,-13.43,5.87,-46.81,-3.69,174.06,-35.99,-87.06,-0.18,-9.78,0.29,-7.88,-3.7,86.85,0.0,,-0.18,-9.78,-1.42,-12.62,-3.26,-27.08,23.32,3.1,-39.35,-15.04,8.38,22.08,-4.86,-19.34
2020-10-31,2020,10,2020-10,113.42,160.44,279.03,62.05,100.33,108.42,45.69,13.44,1.97,-6.99,43.18,1.77,-2.98,-4.28,0.0,1.77,9.89,8.11,925.22,296.47,59.13,19.78,21.26,23.07,5.58,3.6,11.67,4.36,-3.82,-5.8,0.08,0.08,-57.74,-34.75,25.93,131.22,-2.25,-14.34,16.88,-113.21,1.66,-19.19,-11.87,-21.56,-0.46,-20.63,1.35,-31.18,5.86,-57.79,0.0,,-0.46,-20.63,-1.47,-12.94,-4.81,-37.23,11.55,1.26,44.39,17.61,23.68,66.8,-6.73,-25.39
2020-11-30,2020,11,2020-11,102.88,159.63,309.19,66.45,92.97,136.74,51.31,11.48,-3.39,-7.8,54.39,2.04,-3.76,-0.62,0.02,2.04,9.82,11.94,982.1,290.16,62.79,23.79,-29.85,-22.49,0.78,0.49,6.92,2.29,-42.39,-38.95,-21.28,-18.63,-112.96,-45.24,30.66,148.47,-4.19,-26.74,-3.41,-17050.0,3.01,-27.84,-5.04,-8.48,-0.23,-10.13,1.27,-25.25,2.63,-80.92,0.02,inf,-0.23,-10.13,-1.33,-11.93,-1.3,-9.82,-181.79,-15.62,-35.68,-10.95,26.47,72.88,-2.87,-10.77
2020-12-31,2020,12,2020-12,113.65,159.38,324.75,79.36,98.49,119.9,63.7,8.43,-12.81,-8.75,51.85,1.75,-3.81,1.61,0.34,1.75,9.7,12.52,1015.31,296.71,72.13,23.97,-8.99,-7.33,0.47,0.3,11.09,3.54,-31.64,-28.5,-11.55,-10.5,-111.88,-48.27,27.96,78.23,-5.83,-40.88,-18.77,-314.93,0.92,-9.51,-7.44,-12.55,-0.48,-21.52,1.36,-26.31,7.43,-127.66,0.34,inf,-0.48,-21.52,-1.07,-9.94,-0.89,-6.64,-142.11,-12.28,-17.82,-5.67,22.13,44.26,-2.43,-9.2
2021-01-31,2021,1,2021-01,101.41,159.62,319.89,91.08,92.25,66.17,57.31,8.55,-17.16,-6.44,25.65,1.72,-4.05,9.54,10.55,1.72,9.35,11.96,936.8,278.51,65.87,23.03,42.02,70.75,-1.58,-0.98,11.53,3.74,-13.34,-12.78,-16.43,-15.12,-139.07,-67.76,16.81,41.51,-3.01,-26.04,-11.1,183.17,-0.92,16.67,15.97,164.98,-0.47,-21.46,1.88,-31.7,4.08,74.73,10.55,inf,-0.47,-21.46,-1.25,-11.79,-1.09,-8.35,-73.16,-7.24,73.15,35.62,13.81,26.53,-2.81,-10.87
2021-02-28,2021,2,2021-02,56.61,159.77,309.89,82.33,85.66,145.16,63.98,9.94,5.35,-7.93,36.88,1.75,-3.83,8.5,10.03,1.75,9.49,11.76,982.2,262.25,73.92,23.0,-27.16,-32.42,0.18,0.11,1.31,0.42,-20.74,-20.12,-19.47,-18.52,-69.17,-32.27,40.52,172.72,-1.23,-11.01,15.17,-154.48,-1.5,23.33,30.1,443.95,-0.61,-25.85,1.5,-28.14,7.87,1249.21,10.03,inf,-0.61,-25.85,-1.24,-11.56,-1.16,-8.98,-24.88,-2.47,46.92,21.79,39.29,113.46,-3.01,-11.57
2021-03-31,2021,3,2021-03,87.07,159.98,305.68,74.68,93.49,238.18,64.84,10.08,1.5,-6.25,23.12,1.65,-3.54,-4.15,9.72,1.65,9.3,11.44,1073.47,264.14,74.92,22.39,-23.65,-21.36,1.81,1.14,-11.28,-3.56,1.57,2.15,-6.3,-6.31,5.82,2.5,57.76,815.82,-2.03,-16.76,7.18,-126.41,1.05,-14.38,38.8,-247.45,-0.41,-19.9,1.45,-29.06,-0.81,24.25,9.72,inf,-0.41,-19.9,-1.13,-10.83,-0.12,-1.04,89.64,9.11,45.78,20.97,55.73,290.41,-1.66,-6.9
2021-04-30,2021,4,2021-04,105.14,159.82,295.25,77.0,71.84,248.94,59.94,7.76,-2.27,-6.4,4.0,1.31,-3.22,-2.24,16.23,1.31,8.31,11.76,1046.75,264.63,67.7,21.38,-1.47,-1.38,0.19,0.12,19.89,7.22,9.75,14.5,-34.08,-32.18,3.25,1.32,44.33,283.98,-9.54,-55.14,4.35,-65.71,0.47,-6.84,14.16,-139.37,-0.49,-27.22,0.19,-5.57,0.41,-15.47,16.23,inf,-0.49,-27.22,-1.96,-19.08,-0.03,-0.25,73.07,7.5,41.94,18.83,34.79,105.71,-2.48,-10.39
2021-05-31,2021,5,2021-05,104.67,159.6,269.51,51.07,69.7,192.86,58.16,10.01,2.48,-6.19,14.26,1.24,-2.41,-6.18,17.21,1.24,6.15,11.49,951.67,281.49,68.17,18.88,2.81,2.76,-0.04,-0.03,26.2,10.77,-10.22,-16.67,-36.44,-34.33,-33.68,-14.87,41.85,256.59,-2.3,-18.68,6.5,-161.69,1.06,-14.62,41.13,-153.07,-0.57,-31.49,0.63,-20.72,0.09,-1.44,17.21,inf,-0.57,-31.49,-4.04,-39.65,-0.76,-6.2,60.82,6.83,80.79,40.25,39.55,138.19,-5.37,-22.14
2021-06-30,2021,6,2021-06,100.44,156.07,253.21,43.46,46.64,131.47,52.19,6.03,0.93,-6.24,13.72,1.52,-1.96,-10.38,20.82,1.52,7.14,11.04,823.0,270.29,58.22,19.7,-3.67,-3.53,-3.7,-2.32,-16.69,-6.18,-7.66,-14.98,-50.81,-52.14,9.43,7.73,33.01,172.11,-4.41,-42.24,8.67,-112.02,1.33,-17.57,26.34,-208.72,-0.21,-12.14,1.29,-39.69,-1.84,21.55,20.82,inf,-0.21,-12.14,-2.91,-28.96,-0.41,-3.58,19.02,2.37,59.68,28.34,28.59,96.49,-3.53,-15.2
2021-07-31,2021,7,2021-07,94.43,104.0,300.76,46.81,65.49,82.8,50.66,8.77,-4.06,-5.8,16.65,1.63,-1.96,-3.03,23.33,1.63,7.95,11.48,794.85,218.5,59.43,21.06,11.23,13.5,7.27,7.52,25.41,9.23,4.64,11.0,-32.43,-33.12,-38.5,-31.74,22.89,82.43,-3.56,-28.87,6.44,-61.33,2.05,-26.11,33.5,-198.81,-0.45,-21.63,1.72,-46.74,9.04,-74.9,23.33,inf,-0.45,-21.63,-2.06,-20.58,0.37,3.33,79.56,11.12,103.25,89.59,19.33,48.2,-2.14,-9.22
2021-08-31,2021,8,2021-08,103.85,158.8,294.02,45.92,84.65,71.69,41.42,8.99,-4.35,-6.04,-23.74,1.68,-2.04,-4.01,23.96,1.68,8.13,11.3,809.61,241.83,50.41,21.11,8.41,8.81,-0.82,-0.51,39.69,15.61,6.4,16.19,3.09,3.79,-29.13,-28.89,7.91,23.6,1.2,15.4,7.97,-64.69,0.56,-8.48,3.78,-13.74,-0.26,-13.4,4.33,-67.97,7.78,-65.99,23.96,inf,-0.26,-13.4,-1.87,-18.7,1.08,10.57,93.34,13.03,65.25,36.95,9.11,22.06,-1.05,-4.74
2021-09-30,2021,9,2021-09,100.27,159.61,288.67,39.15,89.11,84.02,36.74,7.49,-4.94,-7.08,-14.31,1.65,-2.13,-3.49,21.53,1.65,8.16,9.4,808.4,244.0,44.23,19.21,5.32,5.6,1.55,0.98,26.52,10.12,-1.21,-3.0,11.02,14.11,-21.79,-20.59,2.71,7.96,-4.82,-39.16,1.73,-25.94,-1.27,21.86,-19.66,-367.48,-0.01,-0.6,1.26,-37.17,4.47,-56.16,21.53,inf,-0.01,-0.6,-1.67,-16.99,0.62,7.06,33.14,4.27,21.76,9.79,-2.11,-4.55,-1.06,-5.23
2021-10-31,2021,10,2021-10,94.56,159.83,331.06,40.0,101.23,111.07,62.24,8.73,-5.49,-5.42,-52.16,1.65,-2.53,-1.74,23.5,1.65,8.18,12.18,883.73,207.38,70.98,22.01,-18.86,-16.63,-0.61,-0.38,52.03,18.65,-22.05,-35.54,0.9,0.9,2.65,2.44,16.55,36.22,-4.71,-35.04,-7.46,-378.68,1.57,-22.46,-95.34,-220.8,-0.12,-6.78,0.45,-15.1,2.54,-59.35,23.5,inf,-0.12,-6.78,-1.71,-17.29,4.07,50.18,-41.49,-4.48,-89.09,-30.05,11.85,20.04,2.23,11.27
2021-11-30,2021,11,2021-11,91.39,159.63,333.85,64.62,106.01,152.6,61.59,9.33,-12.65,-6.3,-26.53,1.64,-3.34,2.72,24.93,1.64,8.46,13.31,979.9,228.49,70.91,23.42,-11.49,-11.17,0.0,0.0,24.66,7.98,-1.83,-2.75,13.04,14.03,15.86,11.6,10.28,20.04,-2.15,-18.73,-9.26,273.16,1.5,-19.23,-80.92,-148.78,-0.4,-19.61,0.42,-11.17,3.34,-538.71,24.91,124550.0,-0.4,-19.61,-1.36,-13.85,1.37,11.47,-2.2,-0.22,-61.67,-21.25,8.12,12.93,-0.37,-1.56
2021-12-31,2021,12,2021-12,96.56,159.48,341.19,76.98,105.91,174.77,60.24,6.45,-9.59,-9.96,-24.98,1.62,-3.44,6.46,24.3,1.62,8.29,13.15,1025.3,236.69,66.68,23.06,-17.09,-15.04,0.1,0.06,16.44,5.06,-2.38,-3.0,7.42,7.53,54.87,45.76,-3.46,-5.43,-1.98,-23.49,3.22,-25.14,-1.21,13.83,-76.83,-148.18,-0.13,-7.43,0.37,-9.71,4.85,301.24,23.96,7047.06,-0.13,-7.43,-1.41,-14.54,0.63,5.03,9.99,0.98,-60.02,-20.23,-5.45,-7.56,-0.91,-3.8
2022-01-31,2022,1,2022-01,56.56,148.91,328.16,65.64,104.8,288.56,59.44,7.03,-0.8,-6.6,-67.67,1.58,-3.81,-0.02,22.47,1.58,8.04,13.72,1016.34,139.37,66.47,23.34,-44.85,-44.23,-10.71,-6.71,8.27,2.59,-25.44,-27.93,12.55,13.6,222.39,336.09,2.13,3.72,-1.52,-17.78,16.36,-95.34,-0.16,2.48,-93.32,-363.82,-0.14,-8.14,0.24,-5.93,-9.56,-100.21,11.92,112.99,-0.14,-8.14,-1.31,-14.01,1.76,14.72,79.54,8.49,-139.14,-49.96,0.6,0.91,0.31,1.35
2022-02-28,2022,2,2022-02,61.19,156.8,334.38,57.93,103.25,249.42,61.17,3.81,-0.98,-4.12,-51.74,1.6,-3.6,-2.93,24.05,1.6,8.29,13.07,1000.12,167.21,64.98,22.96,4.58,8.09,-2.97,-1.86,24.49,7.9,-24.4,-29.64,17.59,20.53,104.26,71.82,-2.81,-4.39,-6.13,-61.67,-6.33,-118.32,3.81,-48.05,-88.62,-240.29,-0.15,-8.57,0.23,-6.01,-11.43,-134.47,14.02,139.78,-0.15,-8.57,-1.2,-12.64,1.31,11.14,17.92,1.82,-95.04,-36.24,-8.94,-12.09,-0.04,-0.17
2022-03-31,2022,3,2022-03,94.13,152.76,325.41,49.3,99.97,262.75,59.97,5.02,5.5,-4.76,-55.08,1.65,-4.5,-7.74,26.7,1.65,8.09,12.16,1019.46,195.15,64.99,21.9,7.06,8.11,-7.22,-4.51,19.73,6.45,-25.38,-33.99,6.48,6.93,24.57,10.32,-4.87,-7.51,-5.06,-50.2,4.0,266.67,1.49,-23.84,-78.2,-338.24,0.0,0.0,-0.96,27.12,-3.59,86.51,16.98,174.69,0.0,0.0,-1.21,-13.01,0.72,6.29,-54.01,-5.03,-68.99,-26.12,-9.93,-13.25,-0.49,-2.19
2022-04-30,2022,4,2022-04,61.48,159.34,316.4,50.96,102.82,316.41,60.83,8.13,15.51,-6.92,-73.5,1.54,-3.77,-3.47,28.22,1.54,8.07,11.82,1040.93,163.94,68.96,21.44,-43.66,-41.53,-0.48,-0.3,21.15,7.16,-26.04,-33.82,30.98,43.12,67.47,27.1,0.89,1.48,0.37,4.77,17.78,-783.26,-0.52,8.12,-77.5,-1937.5,0.23,17.56,-0.55,17.08,-1.23,54.91,11.99,73.88,0.23,17.56,-0.24,-2.89,0.06,0.51,-5.82,-0.56,-100.69,-38.05,1.26,1.86,0.06,0.28
2022-05-31,2022,5,2022-05,64.41,158.98,311.5,41.08,106.37,254.78,63.55,7.41,17.08,-9.93,-86.81,1.59,-2.14,-7.46,27.84,1.59,8.01,11.59,955.24,149.37,70.96,21.19,-40.26,-38.46,-0.62,-0.39,41.99,15.58,-9.99,-19.56,36.67,52.61,61.92,32.11,5.39,9.27,-2.6,-25.97,14.6,588.71,-3.74,60.42,-101.07,-708.77,0.35,28.23,0.27,-11.2,-1.28,20.71,10.63,61.77,0.35,28.23,1.86,30.24,0.1,0.87,3.57,0.38,-132.12,-46.94,2.79,4.09,2.31,12.24
2022-06-30,2022,6,2022-06,48.18,99.77,300.99,31.66,104.71,220.63,62.38,6.34,6.82,-7.75,-69.08,1.66,-2.07,-8.03,29.11,1.66,8.2,11.31,833.79,85.92,68.72,21.17,-52.26,-52.03,-56.3,-36.07,47.78,18.87,-11.8,-27.15,58.07,124.51,89.16,67.82,10.19,19.52,0.31,5.14,5.89,633.33,-1.51,24.2,-82.8,-603.5,0.14,9.21,-0.11,5.61,2.35,-22.64,8.29,39.82,0.14,9.21,1.06,14.85,0.27,2.45,10.79,1.31,-184.37,-68.21,10.5,18.04,1.47,7.46
2022-07-31,2022,7,2022-07,44.5,38.07,319.66,36.45,99.96,240.72,52.79,6.16,4.42,-4.97,-51.81,1.44,-2.83,-5.66,28.38,1.44,8.21,10.45,817.58,41.73,58.96,20.1,-49.93,-52.88,-65.93,-63.39,18.9,6.28,-10.36,-22.13,34.47,52.63,157.92,190.72,2.13,4.2,-2.61,-29.76,8.48,-208.87,0.83,-14.31,-68.46,-411.17,-0.19,-11.66,-0.87,44.39,-2.63,86.8,5.05,21.65,-0.19,-11.66,0.26,3.27,-1.03,-8.97,22.73,2.86,-176.77,-80.9,-0.47,-0.79,-0.96,-4.56
2022-08-31,2022,8,2022-08,39.75,30.34,311.5,35.64,92.54,226.09,60.49,6.0,-8.89,-3.62,-37.74,1.5,-4.4,-8.55,25.82,1.5,8.2,10.81,779.52,26.75,66.49,20.51,-64.1,-61.72,-128.46,-80.89,17.48,5.95,-10.28,-22.39,7.89,9.32,154.4,215.37,19.07,46.04,-2.99,-33.26,-4.54,104.37,2.42,-40.07,-14.0,58.97,-0.18,-10.71,-2.36,115.69,-4.54,113.22,1.86,7.76,-0.18,-10.71,0.07,0.86,-0.49,-4.34,-30.09,-3.72,-215.08,-88.94,16.08,31.9,-0.6,-2.84
2022-09-30,2022,9,2022-09,29.28,0.0,270.21,33.89,109.9,256.7,68.84,5.93,-4.79,-2.2,-27.07,1.48,-1.4,-7.74,29.38,1.48,8.42,10.7,775.44,9.38,74.77,20.59,-70.99,-70.8,-159.61,-100.0,-18.46,-6.39,-5.26,-13.44,20.79,23.33,172.68,205.52,32.1,87.37,-1.56,-20.83,0.15,-3.04,4.88,-68.93,-12.76,89.17,-0.17,-10.3,0.73,-34.27,-4.25,121.78,7.85,36.46,-0.17,-10.3,0.26,3.19,1.3,13.83,-32.96,-4.08,-234.62,-96.16,30.54,69.05,1.38,7.18
2022-10-31,2022,10,2022-10,19.14,0.0,316.54,33.32,106.44,271.25,62.02,8.8,-13.71,-8.29,-46.62,1.36,0.05,-5.88,28.52,1.36,8.44,10.77,780.49,-38.47,70.83,20.58,-75.42,-79.76,-159.83,-100.0,-14.52,-4.39,-6.68,-16.7,5.21,5.15,160.18,144.22,-0.22,-0.35,0.07,0.8,-8.22,149.73,-2.87,52.95,5.54,-10.62,-0.29,-17.58,2.58,-101.98,-4.14,237.93,5.02,21.36,-0.29,-17.58,0.26,3.18,-1.41,-11.58,-103.24,-11.68,-245.85,-118.55,-0.15,-0.21,-1.43,-6.5
2022-11-30,2022,11,2022-11,28.17,0.0,303.65,43.15,106.52,319.66,61.53,9.02,6.16,-2.63,-47.51,1.34,0.46,-3.93,27.25,1.34,8.52,10.66,866.75,2.69,70.55,20.53,-63.22,-69.18,-159.63,-100.0,-30.2,-9.05,-21.47,-33.23,0.51,0.48,167.06,109.48,-0.06,-0.1,-0.31,-3.32,18.81,-148.7,3.67,-58.25,-20.98,79.08,-0.3,-18.29,3.8,-113.77,-6.65,-244.49,2.32,9.31,-0.3,-18.29,0.06,0.71,-2.65,-19.91,-113.15,-11.55,-225.8,-98.82,-0.36,-0.51,-2.89,-12.34
2022-12-31,2022,12,2022-12,36.05,0.0,312.98,46.87,107.48,347.07,71.37,9.16,14.61,-1.52,-23.89,1.36,-0.91,2.82,24.06,1.36,8.36,10.67,966.49,51.18,80.53,20.39,-60.51,-62.67,-159.48,-100.0,-28.21,-8.27,-30.11,-39.11,1.57,1.48,172.3,98.59,11.13,18.48,2.71,42.02,24.2,-252.35,8.44,-84.74,1.09,-4.36,-0.26,-16.05,2.53,-73.55,-3.64,-56.35,-0.24,-0.99,-0.26,-16.05,0.07,0.84,-2.48,-18.86,-58.81,-5.74,-185.51,-78.38,13.85,20.77,-2.67,-11.58
2023-01-31,2023,1,2023-01,17.23,0.0,304.25,46.57,103.97,306.79,41.99,6.59,5.26,-0.42,-24.45,1.42,-1.01,-0.26,24.63,1.42,8.0,10.98,850.29,19.73,48.58,20.4,-39.33,-69.54,-148.91,-100.0,-23.91,-7.29,-19.07,-29.05,-0.83,-0.79,18.23,6.32,-17.45,-29.36,-0.44,-6.26,6.06,-757.5,6.18,-93.64,43.22,-63.87,-0.16,-10.13,2.8,-73.49,-0.24,1200.0,2.16,9.61,-0.16,-10.13,-0.04,-0.5,-2.74,-19.97,-166.05,-16.34,-119.64,-85.84,-17.89,-26.91,-2.94,-12.6
2023-02-28,2023,2,2023-02,19.34,0.0,303.45,42.83,95.96,319.52,54.71,6.51,-3.92,-0.19,-23.9,1.37,-1.41,-0.0,23.23,1.37,7.7,10.5,851.02,8.48,61.21,19.57,-41.85,-68.39,-156.8,-100.0,-30.93,-9.25,-15.1,-26.07,-7.29,-7.06,70.1,28.11,-6.46,-10.56,2.7,70.87,-2.94,300.0,3.93,-95.39,27.84,-53.81,-0.23,-14.37,2.19,-60.83,2.93,-100.0,-0.82,-3.41,-0.23,-14.37,-0.59,-7.12,-2.57,-19.66,-149.1,-14.91,-158.73,-94.93,-3.77,-5.8,-3.39,-14.76
2023-03-31,2023,3,2023-03,23.13,0.0,302.9,41.67,96.98,297.28,63.49,8.41,7.81,-0.25,-21.7,1.31,-0.8,1.45,26.65,1.31,7.55,9.94,854.29,24.75,71.9,18.8,-71.0,-75.43,-152.76,-100.0,-22.51,-6.92,-7.63,-15.48,-2.99,-2.99,34.53,13.14,3.52,5.87,3.39,67.53,2.31,42.0,4.51,-94.75,33.38,-60.6,-0.34,-20.61,3.7,-82.22,9.19,-118.73,-0.05,-0.19,-0.34,-20.61,-0.54,-6.67,-2.22,-18.26,-165.17,-16.2,-170.4,-87.32,6.91,10.63,-3.1,-14.16
2023-04-30,2023,4,2023-04,22.8,0.0,289.14,33.2,98.22,340.88,80.64,8.06,19.79,0.64,-26.1,1.31,-0.65,-1.07,27.41,1.31,7.38,9.71,902.8,34.25,88.69,18.41,-38.68,-62.91,-159.34,-100.0,-27.26,-8.62,-17.76,-34.85,-4.6,-4.47,24.47,7.73,19.81,32.57,-0.07,-0.86,4.28,27.6,7.56,-109.25,47.4,-64.49,-0.23,-14.94,3.12,-82.76,2.4,-69.16,-0.81,-2.87,-0.23,-14.94,-0.69,-8.55,-2.11,-17.85,-138.13,-13.27,-129.69,-79.11,19.73,28.61,-3.03,-14.13
2023-05-31,2023,5,2023-05,24.39,0.0,241.91,26.21,92.99,324.65,56.9,7.47,17.49,0.73,-37.34,1.29,-1.03,-5.99,24.88,1.29,7.38,9.67,779.01,10.55,64.36,18.34,-40.02,-62.13,-158.98,-100.0,-69.59,-22.34,-14.87,-36.2,-13.38,-12.58,69.87,27.42,-6.65,-10.46,0.06,0.81,0.41,2.4,10.66,-107.35,49.47,-56.99,-0.3,-18.87,1.11,-51.87,1.47,-19.71,-2.96,-10.63,-0.3,-18.87,-0.63,-7.87,-1.92,-16.57,-176.23,-18.45,-138.82,-92.94,-6.6,-9.3,-2.85,-13.45
2023-06-30,2023,6,2023-06,25.32,0.0,208.03,25.48,93.01,252.1,64.99,6.72,8.26,-0.61,-34.11,1.31,-0.25,-7.83,25.07,1.31,7.37,8.7,674.02,6.3,71.71,17.38,-22.86,-47.45,-99.77,-100.0,-92.96,-30.88,-6.18,-19.52,-11.7,-11.17,31.47,14.26,2.61,4.18,0.38,5.99,1.44,21.11,7.14,-92.13,34.97,-50.62,-0.35,-21.08,1.82,-87.92,0.2,-2.49,-4.04,-13.88,-0.35,-21.08,-0.83,-10.12,-2.61,-23.08,-159.77,-19.16,-79.62,-92.67,2.99,4.35,-3.79,-17.9
2023-07-31,2023,7,2023-07,24.12,0.0,267.75,28.01,93.57,224.16,61.95,5.25,0.95,-4.05,-22.94,1.34,-0.29,-6.68,24.99,1.34,7.33,7.57,700.21,3.28,67.2,16.24,-20.38,-45.8,-38.07,-100.0,-51.91,-16.24,-8.44,-23.16,-6.39,-6.39,-16.56,-6.88,9.16,17.35,-0.91,-14.77,-3.47,-78.51,0.92,-18.51,28.87,-55.72,-0.1,-6.94,2.54,-89.75,-1.02,18.02,-3.39,-11.95,-0.1,-6.94,-0.88,-10.72,-2.88,-27.56,-117.37,-14.36,-38.45,-92.14,8.24,13.98,-3.86,-19.2
2023-08-31,2023,8,2023-08,14.08,0.0,258.81,25.93,78.58,202.82,64.83,4.38,-2.65,-6.15,-22.26,1.36,0.24,-5.93,25.51,1.36,7.14,9.41,648.72,-4.53,69.21,17.91,-25.67,-64.58,-30.34,-100.0,-52.69,-16.91,-9.71,-27.24,-13.96,-15.09,-23.27,-10.29,4.34,7.17,-1.62,-27.0,6.24,-70.19,-2.53,69.89,15.48,-41.02,-0.14,-9.33,4.64,-105.45,2.62,-30.64,-0.31,-1.2,-0.14,-9.33,-1.06,-12.93,-1.4,-12.95,-130.8,-16.78,-31.28,-116.93,2.72,4.09,-2.6,-12.68
2023-09-30,2023,9,2023-09,14.49,0.0,149.53,21.68,85.64,196.23,72.69,5.85,-1.33,-0.71,-19.17,1.31,0.01,1.93,26.92,1.31,7.33,9.08,569.16,19.83,78.53,17.71,-14.79,-50.51,0.0,,-120.68,-44.66,-12.21,-36.03,-24.26,-22.07,-60.47,-23.56,3.85,5.59,-0.08,-1.35,3.46,-72.23,1.49,-67.73,7.9,-29.18,-0.17,-11.49,1.41,-100.71,9.67,-124.94,-2.46,-8.37,-0.17,-11.49,-1.09,-12.95,-1.62,-15.14,-206.28,-26.6,10.45,111.41,3.76,5.03,-2.88,-13.99
2023-10-31,2023,10,2023-10,23.67,0.0,275.63,25.28,88.99,237.78,58.05,6.14,4.35,-0.51,-17.26,1.18,-0.04,-0.7,28.68,1.18,7.33,8.53,746.5,37.6,64.19,17.03,4.53,23.67,0.0,,-40.91,-12.92,-8.04,-24.13,-17.45,-16.39,-33.47,-12.34,-3.97,-6.4,-2.66,-30.23,18.06,-131.73,7.78,-93.85,29.36,-62.98,-0.18,-13.24,-0.09,-180.0,5.18,-88.1,0.16,0.56,-0.18,-13.24,-1.11,-13.15,-2.24,-20.8,-33.99,-4.35,76.07,-197.74,-6.64,-9.37,-3.55,-17.25
2023-11-30,2023,11,2023-11,21.69,0.0,305.17,28.71,88.58,322.83,52.86,9.25,10.56,-0.35,-15.13,1.41,-0.71,2.12,28.19,1.41,7.14,8.27,869.59,45.35,62.12,16.82,-6.48,-23.0,0.0,,1.52,0.5,-14.44,-33.46,-17.94,-16.84,3.17,0.99,-8.67,-14.09,0.23,2.55,4.4,71.43,2.28,-86.69,32.38,-68.15,0.07,5.22,-1.17,-254.35,6.05,-153.94,0.94,3.45,0.07,5.22,-1.38,-16.2,-2.39,-22.42,2.84,0.33,42.66,1585.87,-8.43,-11.95,-3.71,-18.07
2023-12-31,2023,12,2023-12,25.29,0.0,321.66,30.83,90.99,305.19,55.25,5.17,0.73,-0.21,-12.54,1.39,-1.43,3.47,24.7,1.39,7.06,9.85,867.25,39.86,60.42,18.3,-10.76,-29.85,0.0,,8.68,2.77,-16.04,-34.22,-16.49,-15.34,-41.88,-12.07,-16.12,-22.59,-3.99,-43.56,-13.88,-95.0,1.31,-86.18,11.35,-47.51,0.03,2.21,-0.52,57.14,0.65,23.05,0.64,2.66,0.03,2.21,-1.3,-15.55,-0.82,-7.69,-99.24,-10.27,-11.32,-22.12,-20.11,-24.97,-2.09,-10.25
2024-01-31,2024,1,2024-01,24.51,0.0,316.88,36.12,90.64,287.68,43.94,5.05,-2.98,-0.93,-7.81,1.35,-1.46,-1.32,26.89,1.35,7.27,10.3,836.06,36.83,48.99,18.92,7.28,42.25,0.0,,12.63,4.15,-10.45,-22.44,-13.33,-12.82,-19.11,-6.23,1.95,4.64,-1.54,-23.37,-8.24,-156.65,-0.51,121.43,16.64,-68.06,-0.07,-4.93,-0.45,44.55,-1.06,407.69,2.26,9.18,-0.07,-4.93,-0.73,-9.13,-0.68,-6.19,-14.23,-1.67,17.1,86.67,0.41,0.84,-1.48,-7.25
2024-02-29,2024,2,2024-02,24.43,0.0,304.52,37.4,89.12,256.38,44.69,4.53,-0.79,-0.08,-12.21,1.34,-2.07,-1.62,27.51,1.34,7.3,10.32,790.48,34.88,49.22,18.96,5.09,26.32,0.0,,1.07,0.35,-5.43,-12.68,-6.84,-7.13,-63.14,-19.76,-10.02,-18.31,-1.98,-30.41,3.13,-79.85,0.11,-57.89,11.69,-48.91,-0.03,-2.19,-0.66,46.81,-1.62,inf,4.28,18.42,-0.03,-2.19,-0.4,-5.19,-0.18,-1.71,-60.54,-7.11,26.4,311.32,-11.99,-19.59,-0.61,-3.12
2024-03-31,2024,3,2024-03,27.83,0.0,313.12,29.75,88.46,240.06,62.34,5.27,1.41,0.1,-7.43,1.32,-2.04,1.27,27.34,1.32,7.08,10.01,805.78,48.38,67.61,18.41,4.7,20.32,0.0,,10.22,3.37,-11.92,-28.61,-8.52,-8.79,-57.22,-19.25,-1.15,-1.81,-3.14,-37.34,-6.4,-81.95,0.35,-140.0,14.27,-65.76,0.01,0.76,-1.24,155.0,-0.18,-12.41,0.69,2.59,0.01,0.76,-0.47,-6.23,0.07,0.7,-48.51,-5.68,23.63,95.47,-4.29,-5.97,-0.39,-2.07
2024-04-30,2024,4,2024-04,30.26,0.0,291.97,21.78,88.22,258.37,68.43,6.75,-0.6,0.06,-8.43,1.28,-1.79,1.61,26.18,1.28,7.25,9.76,801.05,47.26,75.17,18.29,7.46,32.72,0.0,,2.83,0.98,-11.42,-34.4,-10.0,-10.18,-82.51,-24.2,-12.21,-15.14,-1.31,-16.25,-20.39,-103.03,-0.58,-90.62,17.67,-67.7,-0.03,-2.29,-1.14,175.38,2.68,-250.47,-1.23,-4.49,-0.03,-2.29,-0.13,-1.76,0.05,0.51,-101.75,-11.27,13.01,37.99,-13.52,-15.24,-0.12,-0.65
2024-05-31,2024,5,2024-05,28.44,0.0,263.17,24.74,84.59,210.04,62.41,4.31,-1.4,0.25,-13.51,1.27,-1.34,0.63,27.5,1.27,7.29,9.51,707.91,40.57,66.72,18.07,4.05,16.61,0.0,,21.26,8.79,-1.47,-5.61,-8.4,-9.03,-114.61,-35.3,5.51,9.68,-3.16,-42.3,-18.89,-108.0,-0.48,-65.75,23.83,-63.82,-0.02,-1.55,-0.31,30.1,6.62,-110.52,2.62,10.53,-0.02,-1.55,-0.09,-1.22,-0.16,-1.65,-71.1,-9.13,30.02,284.55,2.36,3.67,-0.27,-1.47
2024-06-30,2024,6,2024-06,27.0,0.0,287.71,22.19,66.86,170.27,58.17,2.0,-0.0,0.4,-15.18,1.17,-1.21,-1.57,27.68,1.17,7.1,8.97,661.52,37.07,60.17,17.24,1.68,6.64,0.0,,79.68,38.3,-3.29,-12.91,-26.15,-28.12,-81.83,-32.46,-6.82,-10.49,-4.72,-70.24,-8.26,-100.0,1.01,-165.57,18.93,-55.5,-0.14,-10.69,-0.96,384.0,6.26,-79.95,2.61,10.41,-0.14,-10.69,-0.27,-3.66,0.27,3.1,-12.5,-1.85,30.77,488.41,-11.54,-16.09,-0.14,-0.81
2024-07-31,2024,7,2024-07,27.68,0.0,299.81,25.35,76.54,161.58,53.6,2.04,-1.32,0.08,-7.83,1.23,-0.91,-3.17,28.01,1.23,6.49,9.27,678.44,42.54,55.64,16.99,3.56,14.76,0.0,,32.06,11.97,-2.66,-9.5,-17.03,-18.2,-62.58,-27.92,-8.35,-13.48,-3.21,-61.14,-2.27,-238.95,4.13,-101.98,15.11,-65.87,-0.11,-8.21,-0.62,213.79,3.51,-52.54,3.02,12.08,-0.11,-8.21,-0.84,-11.46,1.7,22.46,-21.77,-3.11,39.26,1196.95,-11.56,-17.2,0.75,4.62
2024-08-31,2024,8,2024-08,26.57,0.0,297.14,26.44,70.7,143.11,52.46,2.41,-4.25,-0.33,-11.84,1.22,-0.84,-3.53,20.28,1.22,6.79,9.16,635.49,26.05,54.87,17.17,12.49,88.71,0.0,,38.33,14.81,0.51,1.97,-7.88,-10.03,-59.71,-29.44,-12.37,-19.08,-1.97,-44.98,-1.6,60.38,5.82,-94.63,10.42,-46.81,-0.14,-10.29,-1.08,-450.0,2.4,-40.47,-5.23,-20.5,-0.14,-10.29,-0.35,-4.9,-0.25,-2.66,-13.23,-2.04,30.58,-675.06,-14.34,-20.72,-0.74,-4.13
2024-09-30,2024,9,2024-09,30.07,0.0,215.3,20.53,70.76,166.66,37.27,2.04,-5.21,-0.64,-12.25,1.18,-1.29,0.34,25.85,1.18,6.82,9.47,566.77,36.73,39.31,17.48,15.58,107.52,0.0,,65.77,43.98,-1.15,-5.3,-14.88,-17.38,-29.57,-15.07,-35.42,-48.73,-3.81,-65.13,-3.88,291.73,0.07,-9.86,6.92,-36.1,-0.13,-9.92,-1.3,-13000.0,-1.59,-82.38,-1.07,-3.97,-0.13,-9.92,-0.51,-6.96,0.39,4.3,-2.39,-0.42,16.9,85.22,-39.22,-49.94,-0.23,-1.3
2024-10-31,2024,10,2024-10,25.85,0.0,285.08,24.86,85.74,193.69,60.67,2.89,-0.67,0.83,-8.26,1.14,-1.08,-2.47,28.63,1.14,7.02,9.07,712.93,42.76,63.56,17.24,2.18,9.21,0.0,,9.45,3.43,-0.42,-1.66,-3.25,-3.65,-44.09,-18.54,2.62,4.51,-3.25,-52.93,-5.02,-115.4,1.34,-262.75,9.0,-52.14,-0.04,-3.39,-1.04,2600.0,-1.77,252.86,-0.05,-0.17,-0.04,-3.39,-0.31,-4.23,0.54,6.33,-33.57,-4.5,5.16,13.72,-0.63,-0.98,0.21,1.23
2024-11-30,2024,11,2024-11,23.89,0.0,304.34,25.98,83.22,235.12,65.0,4.35,-1.46,0.64,-3.12,1.23,-1.99,1.71,28.66,1.23,7.18,9.31,784.06,48.33,69.35,17.71,2.2,10.14,0.0,,-0.83,-0.27,-2.73,-9.51,-5.36,-6.05,-87.71,-27.17,12.14,22.97,-4.9,-52.97,-12.02,-113.83,0.99,-282.86,12.01,-79.38,-0.18,-12.77,-1.28,180.28,-0.41,-19.34,0.47,1.67,-0.18,-12.77,0.04,0.56,1.04,12.58,-85.53,-9.84,2.98,6.57,7.23,11.64,0.89,5.29
2024-12-31,2024,12,2024-12,21.01,0.0,302.37,27.42,84.54,266.34,54.5,2.73,-4.84,0.3,-3.48,1.24,-2.63,9.39,28.88,1.24,9.37,9.82,806.95,48.61,57.23,20.44,-4.28,-16.92,0.0,,-19.29,-6.0,-3.41,-11.06,-6.45,-7.09,-38.85,-12.73,-0.75,-1.36,-2.44,-47.2,-5.57,-763.01,0.51,-242.86,9.06,-72.25,-0.15,-10.79,-1.2,83.92,5.92,170.61,4.18,16.92,-0.15,-10.79,2.31,32.72,-0.03,-0.3,-60.3,-6.95,8.75,21.95,-3.19,-5.28,2.14,11.69
2025-01-31,2025,1,2025-01,0.86,0.0,301.19,25.39,84.33,270.08,58.14,1.31,2.05,0.21,-17.52,1.24,-2.73,4.4,23.74,1.24,9.68,9.75,772.12,11.0,59.45,20.67,-23.65,-96.49,0.0,,-15.69,-4.95,-10.73,-29.71,-6.31,-6.96,-17.6,-6.12,14.2,32.32,-3.74,-74.06,5.03,-168.79,1.14,-122.58,-9.71,124.33,-0.11,-8.15,-1.27,86.99,5.72,-433.33,-3.15,-11.71,-0.11,-8.15,2.41,33.15,-0.55,-5.34,-63.94,-7.65,-25.83,-70.13,10.46,21.35,1.75,9.25
2025-02-28,2025,2,2025-02,-0.45,0.0,298.65,25.46,84.44,331.3,60.14,1.21,7.22,0.0,-20.4,1.25,-2.72,3.43,23.6,1.25,9.3,9.77,827.79,6.28,61.34,20.32,-24.88,-101.84,0.0,,-5.87,-1.93,-11.94,-31.93,-4.68,-5.25,74.92,29.22,15.45,34.57,-3.32,-73.29,8.01,-1013.92,0.08,-100.0,-8.19,67.08,-0.09,-6.72,-0.65,31.4,5.05,-311.73,-3.91,-14.21,-0.09,-6.72,2.0,27.4,-0.55,-5.33,37.31,4.72,-28.6,-82.0,12.12,24.62,1.36,7.17
2025-03-31,2025,3,2025-03,-0.09,0.0,300.26,27.87,84.6,330.66,55.56,4.66,1.72,0.09,-20.41,1.22,-2.03,-2.16,26.64,1.22,9.56,9.32,823.42,-0.29,60.22,20.1,-27.92,-100.32,0.0,,-12.86,-4.11,-1.88,-6.32,-3.86,-4.36,90.6,37.74,-6.78,-10.88,-0.61,-11.57,0.31,21.99,-0.01,-10.0,-12.98,174.7,-0.1,-7.58,0.01,-0.49,-3.43,-270.08,-0.7,-2.56,-0.1,-7.58,2.48,35.03,-0.69,-6.89,17.64,2.19,-48.67,-100.6,-7.39,-10.93,1.69,9.18
2025-04-30,2025,4,2025-04,-1.49,0.0,294.38,27.87,84.27,302.8,58.93,4.3,13.01,0.12,-27.42,1.17,-1.54,-0.14,24.78,1.17,9.0,9.63,792.65,0.32,63.23,19.79,-31.75,-104.92,0.0,,2.41,0.83,6.09,27.96,-3.95,-4.48,44.43,17.2,-9.5,-13.88,-2.45,-36.3,13.61,-2268.33,0.06,100.0,-18.99,225.27,-0.11,-8.59,0.25,-13.97,-1.75,-108.7,-1.4,-5.35,-0.11,-8.59,1.75,24.14,-0.13,-1.33,-8.4,-1.05,-46.94,-99.32,-11.94,-15.88,1.5,8.2
2025-05-31,2025,5,2025-05,-1.51,0.0,258.93,22.46,81.72,292.65,57.36,3.35,3.34,5.34,-28.11,1.15,-1.55,-1.1,24.82,1.15,8.56,9.39,726.72,-8.85,60.71,19.09,-29.95,-105.31,0.0,,-4.24,-1.61,-2.28,-9.22,-2.87,-3.39,82.61,39.33,-5.05,-8.09,-0.96,-22.27,4.74,-338.57,5.09,2036.0,-14.6,108.07,-0.12,-9.45,-0.21,15.67,-1.73,-274.6,-2.68,-9.75,-0.12,-9.45,1.27,17.42,-0.12,-1.26,18.81,2.66,-49.42,-121.81,-6.01,-9.01,1.02,5.64
2025-06-30,2025,6,2025-06,-1.88,0.0,254.46,25.89,75.28,293.74,58.73,1.56,-1.13,1.54,-32.69,1.11,-1.29,-6.01,27.57,1.11,8.46,9.14,704.68,-23.7,60.29,18.72,-28.88,-106.96,0.0,,-33.25,-11.56,3.7,16.67,8.42,12.59,123.47,72.51,0.56,0.96,-0.44,-22.0,-1.13,inf,1.14,285.0,-17.51,115.35,-0.06,-5.13,-0.08,6.61,-4.44,282.8,-0.11,-0.4,-0.06,-5.13,1.36,19.15,0.17,1.9,43.16,6.52,-60.77,-163.93,0.12,0.2,1.48,8.58
2025-07-31,2025,7,2025-07,-1.57,0.0,291.28,26.22,78.87,261.16,48.99,1.35,-4.48,2.47,-41.42,1.26,-1.43,-8.97,26.5,1.26,8.25,8.31,690.4,-35.28,50.34,17.82,-29.25,-105.67,0.0,,-8.53,-2.85,0.87,3.43,2.33,3.04,99.58,61.63,-4.61,-8.6,-0.69,-33.82,-3.16,239.39,2.39,2987.5,-33.59,428.99,0.03,2.44,-0.52,57.14,-5.8,182.97,-1.51,-5.39,0.03,2.44,1.76,27.12,-0.96,-10.36,11.96,1.76,-77.82,-182.93,-5.3,-9.53,0.83,4.89
2025-08-31,2025,8,2025-08,-0.06,0.0,11.09,0.97,2.61,7.72,2.09,0.02,-0.16,-0.0,-1.1,0.04,-0.04,-0.38,0.98,0.04,0.31,0.32,24.14,-1.02,2.11,0.67,-26.63,-100.23,0.0,,-286.05,-96.27,-25.47,-96.33,-68.09,-96.31,-135.39,-94.61,-50.37,-96.02,-2.39,-99.17,4.09,-96.24,0.33,-100.0,10.74,-90.71,-1.18,-96.72,0.8,-95.24,3.15,-89.24,-19.3,-95.17,-1.18,-96.72,-6.48,-95.43,-8.84,-96.51,-611.35,-96.2,-27.07,-103.92,-52.76,-96.15,-16.5,-96.1
2025-09-30,2025,9,2025-09,0.0,0.0,0.0,0.0,0.0,0.0,0.0,0.0,0.0,0.0,0.0,0.0,0.0,0.0,0.0,0.0,0.0,0.0,0.0,0.0,0.0,0.0,-30.07,-100.0,0.0,,-215.3,-100.0,-20.53,-100.0,-70.76,-100.0,-166.66,-100.0,-37.27,-100.0,-2.04,-100.0,5.21,-100.0,0.64,-100.0,12.25,-100.0,-1.18,-100.0,1.29,-100.0,-0.34,-100.0,-25.85,-100.0,-1.18,-100.0,-6.82,-100.0,-9.47,-100.0,-566.77,-100.0,-36.73,-100.0,-39.31,-100.0,-17.48,-100.0
2025-10-31,2025,10,2025-10,0.0,0.0,0.0,0.0,0.0,0.0,0.0,0.0,0.0,0.0,0.0,0.0,0.0,0.0,0.0,0.0,0.0,0.0,0.0,0.0,0.0,0.0,-25.85,-100.0,0.0,,-285.08,-100.0,-24.86,-100.0,-85.74,-100.0,-193.69,-100.0,-60.67,-100.0,-2.89,-100.0,0.67,-100.0,-0.83,-100.0,8.26,-100.0,-1.14,-100.0,1.08,-100.0,2.47,-100.0,-28.63,-100.0,-1.14,-100.0,-7.02,-100.0,-9.07,-100.0,-712.93,-100.0,-42.76,-100.0,-63.56,-100.0,-17.24,-100.0
2025-11-30,2025,11,2025-11,0.0,0.0,0.0,0.0,0.0,0.0,0.0,0.0,0.0,0.0,0.0,0.0,0.0,0.0,0.0,0.0,0.0,0.0,0.0,0.0,0.0,0.0,-23.89,-100.0,0.0,,-304.34,-100.0,-25.98,-100.0,-83.22,-100.0,-235.12,-100.0,-65.0,-100.0,-4.35,-100.0,1.46,-100.0,-0.64,-100.0,3.12,-100.0,-1.23,-100.0,1.99,-100.0,-1.71,-100.0,-28.66,-100.0,-1.23,-100.0,-7.18,-100.0,-9.31,-100.0,-784.06,-100.0,-48.33,-100.0,-69.35,-100.0,-17.71,-100.0
2025-12-31,2025,12,2025-12,0.0,0.0,0.0,0.0,0.0,0.0,0.0,0.0,0.0,0.0,0.0,0.0,0.0,0.0,0.0,0.0,0.0,0.0,0.0,0.0,0.0,0.0,-21.01,-100.0,0.0,,-302.37,-100.0,-27.42,-100.0,-84.54,-100.0,-266.34,-100.0,-54.5,-100.0,-2.73,-100.0,4.84,-100.0,-0.3,-100.0,3.48,-100.0,-1.24,-100.0,2.63,-100.0,-9.39,-100.0,-28.88,-100.0,-1.24,-100.0,-9.37,-100.0,-9.82,-100.0,-806.95,-100.0,-48.61,-100.0,-57.23,-100.0,-20.44,-100.0
