Date,Total_LDZ_Demand
2016-10-03,307.80471
2016-10-04,325.29216
2016-10-05,360.68342
2016-10-06,397.063232
2016-10-07,399.570217
2016-10-08,370.365362
2016-10-09,397.949868
2016-10-10,491.744588
2016-10-11,523.685121
2016-10-12,532.44947
2016-10-13,545.334136
2016-10-14,515.957254
2016-10-15,431.764015
2016-10-16,387.322295
2016-10-17,421.638303
2016-10-18,464.97794
2016-10-19,502.143433
2016-10-20,524.974773
2016-10-21,545.675192
2016-10-22,526.096224
2016-10-23,536.147488
2016-10-24,552.391924
2016-10-25,526.633662
2016-10-26,507.839011
2016-10-27,497.034013
2016-10-28,483.18299
2016-10-29,446.947643
2016-10-30,449.405049
2016-10-31,481.947838
2016-11-01,519.792036
2016-11-02,605.875329
2016-11-03,653.184962
2016-11-04,651.455945
2016-11-05,623.237208
2016-11-06,664.107381
2016-11-07,788.568265
2016-11-08,845.967944
2016-11-09,852.660193
2016-11-10,819.356625
2016-11-11,814.898438
2016-11-12,782.986129
2016-11-13,770.749354
2016-11-14,827.528262
2016-11-15,754.415217
2016-11-16,699.678267
2016-11-17,711.124512
2016-11-18,737.552521
2016-11-19,708.687853
2016-11-20,671.994025
2016-11-21,677.559145
2016-11-22,653.021832
2016-11-23,664.174782
2016-11-24,689.878365
2016-11-25,732.65156
2016-11-26,720.137894
2016-11-27,721.409818
2016-11-28,893.288737
2016-11-29,1018.282905
2016-11-30,1023.821629
2016-12-01,959.969858
2016-12-02,898.896321
2016-12-03,872.806081
2016-12-04,914.896732
2016-12-05,1011.688919
2016-12-06,979.098185
2016-12-07,904.347755
2016-12-08,843.239781
2016-12-09,798.424705
2016-12-10,758.410556
2016-12-11,750.971235
2016-12-12,845.179019
2016-12-13,844.431059
2016-12-14,834.137084
2016-12-15,863.969645
2016-12-16,882.21589
2016-12-17,856.059932
2016-12-18,851.02549
2016-12-19,943.998989
2016-12-20,975.756615
2016-12-21,937.762628
2016-12-22,908.322399
2016-12-23,860.671042
2016-12-24,762.650516
2016-12-25,652.731039
2016-12-26,711.950022
2016-12-27,820.671177
2016-12-28,897.284402
2016-12-29,969.313597
2016-12-30,990.534348
2016-12-31,954.630697
2017-01-01,937.105076
2017-01-02,1020.389236
2017-01-03,1037.711515
2017-01-04,1011.974286
2017-01-05,1095.424631
2017-01-06,1160.972635
2017-01-07,1084.484825
2017-01-08,998.248369
2017-01-09,1056.570343
2017-01-10,1043.530682
2017-01-11,1015.869606
2017-01-12,1039.247065
2017-01-13,1082.403226
2017-01-14,1021.731671
2017-01-15,1009.803362
2017-01-16,1116.221463
2017-01-17,1180.024445
2017-01-18,1201.85994
2017-01-19,1187.814308
2017-01-20,1164.595892
2017-01-21,1118.065232
2017-01-22,1112.359904
2017-01-23,1161.693376
2017-01-24,1132.507373
2017-01-25,1164.354456
2017-01-26,1202.093539
2017-01-27,1122.741536
2017-01-28,990.689643
2017-01-29,947.341261
2017-01-30,984.599747
2017-01-31,944.13646
2017-02-01,895.101254
2017-02-02,824.163219
2017-02-03,814.29441
2017-02-04,797.885859
2017-02-05,825.204101
2017-02-06,920.855773
2017-02-07,925.660383
2017-02-08,997.596083
2017-02-09,1076.470045
2017-02-10,1097.332943
2017-02-11,1023.273815
2017-02-12,962.938895
2017-02-13,971.38455
2017-02-14,917.353051
2017-02-15,830.537963
2017-02-16,802.618773
2017-02-17,773.56914
2017-02-18,729.281066
2017-02-19,736.477209
2017-02-20,750.507523
2017-02-21,712.500751
2017-02-22,705.161757
2017-02-23,741.085717
2017-02-24,781.285808
2017-02-25,748.325318
2017-02-26,694.062688
2017-02-27,760.623534
2017-02-28,815.990299
2017-03-01,773.819541
2017-03-02,775.797308
2017-03-03,745.167826
2017-03-04,658.804575
2017-03-05,683.105884
2017-03-06,753.428764
2017-03-07,768.090723
2017-03-08,737.885981
2017-03-09,655.199968
2017-03-10,648.552637
2017-03-11,590.075103
2017-03-12,582.851248
2017-03-13,649.006861
2017-03-14,619.662333
2017-03-15,579.823507
2017-03-16,569.211357
2017-03-17,595.909277
2017-03-18,538.228908
2017-03-19,500.570757
2017-03-20,568.327098
2017-03-21,614.832451
2017-03-22,654.177326
2017-03-23,629.726705
2017-03-24,607.175207
2017-03-25,514.435784
2017-03-26,508.765998
2017-03-27,541.451262
2017-03-28,501.868057
2017-03-29,467.311164
2017-03-30,390.751133
2017-03-31,364.64463
2017-04-01,363.928606
2017-04-02,374.57593
2017-04-03,421.219538
2017-04-04,434.326922
2017-04-05,479.194855
2017-04-06,506.243996
2017-04-07,474.779652
2017-04-08,384.384525
2017-04-09,328.939418
2017-04-10,400.126129
2017-04-11,428.956194
2017-04-12,442.806013
2017-04-13,448.127541
2017-04-14,440.353017
2017-04-15,411.715726
2017-04-16,431.013957
2017-04-17,479.015201
2017-04-18,573.548837
2017-04-19,618.295068
2017-04-20,596.441027
2017-04-21,540.275764
2017-04-22,471.288411
2017-04-23,458.686593
2017-04-24,494.753015
2017-04-25,546.012937
2017-04-26,598.770382
2017-04-27,592.388171
2017-04-28,557.1699
2017-04-29,468.680328
2017-04-30,401.059577
2017-05-01,431.208799
2017-05-02,454.378841
2017-05-03,455.89405
2017-05-04,443.225516
2017-05-05,419.079651
2017-05-06,373.353022
2017-05-07,362.654832
2017-05-08,429.926487
2017-05-09,439.589693
2017-05-10,401.273039
2017-05-11,348.929011
2017-05-12,313.462576
2017-05-13,262.015173
2017-05-14,242.488848
2017-05-15,276.934223
2017-05-16,251.408742
2017-05-17,246.339351
2017-05-18,248.743176
2017-05-19,272.457058
2017-05-20,253.218224
2017-05-21,233.843538
2017-05-22,243.00908
2017-05-23,234.655571
2017-05-24,224.928437
2017-05-25,202.428218
2017-05-26,192.695167
2017-05-27,164.656581
2017-05-28,160.433589
2017-05-29,200.861609
2017-05-30,204.347838
2017-05-31,205.038427
2017-06-01,204.042135
2017-06-02,185.133764
2017-06-03,164.997404
2017-06-04,173.034784
2017-06-05,209.987529
2017-06-06,251.070162
2017-06-07,262.833416
2017-06-08,246.928114
2017-06-09,223.83197
2017-06-10,182.185446
2017-06-11,169.68164
2017-06-12,213.328763
2017-06-13,217.658356
2017-06-14,204.761033
2017-06-15,195.021615
2017-06-16,201.006376
2017-06-17,169.339644
2017-06-18,158.448009
2017-06-19,184.597676
2017-06-20,186.200621
2017-06-21,186.230421
2017-06-22,183.503587
2017-06-23,181.495209
2017-06-24,162.384425
2017-06-25,166.75147
2017-06-26,199.041699
2017-06-27,209.57203
2017-06-28,216.57264
2017-06-29,221.058602
2017-06-30,209.790967
2017-07-01,182.524483
2017-07-02,178.196702
2017-07-03,209.131632
2017-07-04,211.477061
2017-07-05,203.233349
2017-07-06,194.604891
2017-07-07,184.104044
2017-07-08,151.762552
2017-07-09,153.91286
2017-07-10,192.287877
2017-07-11,202.23178
2017-07-12,206.557972
2017-07-13,201.867137
2017-07-14,195.065816
2017-07-15,167.315079
2017-07-16,166.000849
2017-07-17,191.585481
2017-07-18,188.424937
2017-07-19,184.832751
2017-07-20,193.575764
2017-07-21,184.679398
2017-07-22,156.989281
2017-07-23,161.687002
2017-07-24,199.69604
2017-07-25,204.865051
2017-07-26,199.556089
2017-07-27,195.899858
2017-07-28,190.927338
2017-07-29,164.240658
2017-07-30,151.784979
2017-07-31,179.44713
2017-08-01,177.195833
2017-08-02,181.742456
2017-08-03,183.287327
2017-08-04,178.287551
2017-08-05,161.440395
2017-08-06,159.804675
2017-08-07,181.45384
2017-08-08,188.090294
2017-08-09,192.242727
2017-08-10,194.614429
2017-08-11,192.898628
2017-08-12,176.557267
2017-08-13,168.884893
2017-08-14,177.345474
2017-08-15,165.305547
2017-08-16,173.529455
2017-08-17,173.866816
2017-08-18,176.291498
2017-08-19,170.330612
2017-08-20,175.709855
2017-08-21,203.421423
2017-08-22,202.657083
2017-08-23,197.53828
2017-08-24,197.707872
2017-08-25,191.099432
2017-08-26,157.661213
2017-08-27,155.687455
2017-08-28,185.320009
2017-08-29,195.509155
2017-08-30,202.131382
2017-08-31,212.539465
2017-09-01,220.79496
2017-09-02,196.360586
2017-09-03,204.770774
2017-09-04,229.937741
2017-09-05,224.292984
2017-09-06,234.715505
2017-09-07,239.64531
2017-09-08,234.694636
2017-09-09,217.564292
2017-09-10,225.582409
2017-09-11,279.209359
2017-09-12,291.054673
2017-09-13,297.132224
2017-09-14,324.958591
2017-09-15,327.520446
2017-09-16,318.614608
2017-09-17,313.570864
2017-09-18,364.607838
2017-09-19,363.988088
2017-09-20,349.747243
2017-09-21,340.470275
2017-09-22,331.299667
2017-09-23,279.814564
2017-09-24,270.598183
2017-09-25,307.222343
2017-09-26,300.52597
2017-09-27,302.503294
2017-09-28,282.883271
2017-09-29,273.163704
2017-09-30,269.951879
2017-10-01,272.253321
2017-10-02,313.481556
2017-10-03,347.988372
2017-10-04,373.583325
2017-10-05,375.641397
2017-10-06,398.110191
2017-10-07,374.728728
2017-10-08,351.704637
2017-10-09,395.4388
2017-10-10,378.910894
2017-10-11,363.067072
2017-10-12,351.464641
2017-10-13,320.117574
2017-10-14,270.544573
2017-10-15,260.563877
2017-10-16,289.648391
2017-10-17,324.730866
2017-10-18,344.096348
2017-10-19,339.175036
2017-10-20,357.544063
2017-10-21,342.580022
2017-10-22,393.751266
2017-10-23,438.701575
2017-10-24,404.893865
2017-10-25,389.632218
2017-10-26,398.37168
2017-10-27,426.273021
2017-10-28,435.671816
2017-10-29,449.608633
2017-10-30,573.414665
2017-10-31,578.912705
2017-11-01,532.441861
2017-11-02,556.576362
2017-11-03,533.798194
2017-11-04,483.844809
2017-11-05,556.755572
2017-11-06,683.497224
2017-11-07,719.180764
2017-11-08,734.368498
2017-11-09,689.77203
2017-11-10,666.403616
2017-11-11,606.289472
2017-11-12,683.261233
2017-11-13,812.087753
2017-11-14,780.959484
2017-11-15,749.185781
2017-11-16,747.621186
2017-11-17,771.062451
2017-11-18,735.803267
2017-11-19,737.636731
2017-11-20,781.444322
2017-11-21,705.901942
2017-11-22,662.579369
2017-11-23,660.412521
2017-11-24,695.472437
2017-11-25,739.909829
2017-11-26,780.834842
2017-11-27,864.557855
2017-11-28,896.658747
2017-11-29,951.64613
2017-11-30,998.669264
2017-12-01,1019.332068
2017-12-02,974.185347
2017-12-03,921.469013
2017-12-04,943.659922
2017-12-05,912.954955
2017-12-06,882.273607
2017-12-07,896.00429
2017-12-08,953.594319
2017-12-09,971.537922
2017-12-10,987.791992
2017-12-11,1054.862811
2017-12-12,1040.207048
2017-12-13,992.824044
2017-12-14,972.857806
2017-12-15,974.875972
2017-12-16,954.670326
2017-12-17,936.284517
2017-12-18,1010.442731
2017-12-19,1005.195249
2017-12-20,936.834177
2017-12-21,862.122569
2017-12-22,803.251282
2017-12-23,726.482826
2017-12-24,694.800587
2017-12-25,712.128187
2017-12-26,775.993307
2017-12-27,882.969867
2017-12-28,944.077044
2017-12-29,946.743144
2017-12-30,777.714699
2017-12-31,708.979798
2018-01-01,756.499355
2018-01-02,812.639694
2018-01-03,816.939899
2018-01-04,774.748565
2018-01-05,800.408427
2018-01-06,795.320009
2018-01-07,862.393877
2018-01-08,942.914101
2018-01-09,893.866433
2018-01-10,849.985075
2018-01-11,874.505903
2018-01-12,873.092483
2018-01-13,862.62278
2018-01-14,897.868427
2018-01-15,944.553987
2018-01-16,950.651342
2018-01-17,980.846008
2018-01-18,936.060432
2018-01-19,954.723683
2018-01-20,918.998001
2018-01-21,898.480893
2018-01-22,884.058778
2018-01-23,830.423128
2018-01-24,780.742442
2018-01-25,802.422052
2018-01-26,831.14036
2018-01-27,784.406265
2018-01-28,712.102735
2018-01-29,789.216069
2018-01-30,836.762815
2018-01-31,858.927199
2018-02-01,913.672881
2018-02-02,924.963983
2018-02-03,917.657184
2018-02-04,960.280194
2018-02-05,1081.139326
2018-02-06,1118.43264
2018-02-07,1123.16395
2018-02-08,1084.798032
2018-02-09,1069.48574
2018-02-10,968.974079
2018-02-11,944.435279
2018-02-12,1036.838586
2018-02-13,1060.620132
2018-02-14,1057.142488
2018-02-15,987.366218
2018-02-16,944.084548
2018-02-17,897.405368
2018-02-18,898.381124
2018-02-19,960.543198
2018-02-20,970.228957
2018-02-21,1015.789093
2018-02-22,1066.268279
2018-02-23,1101.982341
2018-02-24,1039.777653
2018-02-25,1104.958314
2018-02-26,1284.691569
2018-02-27,1330.596063
2018-02-28,1401.706456
2018-03-01,1389.073719
2018-03-02,1294.061873
2018-03-03,1117.034461
2018-03-04,962.782049
2018-03-05,926.13179
2018-03-06,889.24687
2018-03-07,870.339902
2018-03-08,858.029913
2018-03-09,778.626658
2018-03-10,642.879603
2018-03-11,605.82294
2018-03-12,681.242329
2018-03-13,717.701423
2018-03-14,708.455543
2018-03-15,748.326855
2018-03-16,762.969285
2018-03-17,926.466542
2018-03-18,1017.36069
2018-03-19,1077.99432
2018-03-20,1013.831992
2018-03-21,965.145044
2018-03-22,914.3851
2018-03-23,841.626869
2018-03-24,720.036594
2018-03-25,689.915696
2018-03-26,736.577369
2018-03-27,743.634117
2018-03-28,745.253048
2018-03-29,736.359612
2018-03-30,697.070241
2018-03-31,678.829161
2018-04-01,668.887052
2018-04-02,647.145428
2018-04-03,587.097305
2018-04-04,585.352505
2018-04-05,602.632231
2018-04-06,546.355531
2018-04-07,449.343084
2018-04-08,410.309214
2018-04-09,457.227589
2018-04-10,478.05199
2018-04-11,501.443038
2018-04-12,514.508648
2018-04-13,491.693546
2018-04-14,383.828767
2018-04-15,379.201806
2018-04-16,398.854623
2018-04-17,372.041128
2018-04-18,297.274911
2018-04-19,258.30964
2018-04-20,239.992632
2018-04-21,208.26281
2018-04-22,208.128561
2018-04-23,276.300398
2018-04-24,317.904979
2018-04-25,321.195202
2018-04-26,365.359444
2018-04-27,383.089043
2018-04-28,359.247394
2018-04-29,372.874284
2018-04-30,433.240046
2018-05-01,402.945355
2018-05-02,408.313801
2018-05-03,384.489205
2018-05-04,335.62463
2018-05-05,250.462171
2018-05-06,221.933688
2018-05-07,221.801443
2018-05-08,221.160623
2018-05-09,230.602451
2018-05-10,244.704942
2018-05-11,259.384683
2018-05-12,232.780959
2018-05-13,240.496007
2018-05-14,277.366837
2018-05-15,268.693591
2018-05-16,281.751326
2018-05-17,290.111392
2018-05-18,284.098594
2018-05-19,243.056477
2018-05-20,215.770678
2018-05-21,217.59948
2018-05-22,234.462024
2018-05-23,239.805943
2018-05-24,235.606048
2018-05-25,223.68244
2018-05-26,177.153824
2018-05-27,164.86124
2018-05-28,190.4196
2018-05-29,203.35015
2018-05-30,209.532095
2018-05-31,203.010434
2018-06-01,198.46167
2018-06-02,169.035137
2018-06-03,169.05945
2018-06-04,207.306974
2018-06-05,216.650395
2018-06-06,212.133408
2018-06-07,206.022248
2018-06-08,199.595554
2018-06-09,166.113197
2018-06-10,163.383554
2018-06-11,198.015459
2018-06-12,216.953608
2018-06-13,220.054229
2018-06-14,218.406366
2018-06-15,210.403841
2018-06-16,176.145542
2018-06-17,171.651615
2018-06-18,207.599187
2018-06-19,206.577987
2018-06-20,205.609043
2018-06-21,215.449691
2018-06-22,222.574156
2018-06-23,196.106812
2018-06-24,191.174397
2018-06-25,215.285502
2018-06-26,208.677289
2018-06-27,202.032433
2018-06-28,195.20114
2018-06-29,184.316539
2018-06-30,152.530574
2018-07-01,148.974319
2018-07-02,180.70873
2018-07-03,188.842281
2018-07-04,187.268455
2018-07-05,187.47161
2018-07-06,179.13269
2018-07-07,154.466153
2018-07-08,150.648612
2018-07-09,185.289557
2018-07-10,196.669102
2018-07-11,197.473965
2018-07-12,196.992386
2018-07-13,184.292251
2018-07-14,147.735113
2018-07-15,145.155517
2018-07-16,178.655082
2018-07-17,183.682389
2018-07-18,182.548682
2018-07-19,181.299463
2018-07-20,173.878904
2018-07-21,150.952824
2018-07-22,143.176784
2018-07-23,171.152995
2018-07-24,172.288695
2018-07-25,166.538252
2018-07-26,165.911343
2018-07-27,158.011031
2018-07-28,141.993148
2018-07-29,138.622015
2018-07-30,163.286776
2018-07-31,163.0541
2018-08-01,165.84569
2018-08-02,165.042802
2018-08-03,157.558144
2018-08-04,133.626501
2018-08-05,132.488727
2018-08-06,153.105431
2018-08-07,154.272967
2018-08-08,158.506781
2018-08-09,165.573579
2018-08-10,169.52265
2018-08-11,151.133798
2018-08-12,147.085686
2018-08-13,170.146197
2018-08-14,167.647602
2018-08-15,152.014899
2018-08-16,167.286313
2018-08-17,165.547915
2018-08-18,148.076506
2018-08-19,148.345283
2018-08-20,178.755397
2018-08-21,176.226723
2018-08-22,176.539205
2018-08-23,178.460548
2018-08-24,189.541434
2018-08-25,183.355075
2018-08-26,192.123044
2018-08-27,213.269821
2018-08-28,210.625417
2018-08-29,216.12267
2018-08-30,220.28764
2018-08-31,215.002863
2018-09-01,189.432653
2018-09-02,179.23275
2018-09-03,212.39302
2018-09-04,214.684159
2018-09-05,214.479696
2018-09-06,218.935385
2018-09-07,227.928488
2018-09-08,204.316751
2018-09-09,187.063561
2018-09-10,228.475679
2018-09-11,229.305397
2018-09-12,238.961177
2018-09-13,248.057452
2018-09-14,242.514623
2018-09-15,210.527308
2018-09-16,199.760397
2018-09-17,219.307104
2018-09-18,211.563136
2018-09-19,213.919675
2018-09-20,228.070295
2018-09-21,237.883073
2018-09-22,252.317384
2018-09-23,271.8127
2018-09-24,335.347628
2018-09-25,360.824385
2018-09-26,341.841122
2018-09-27,305.027524
2018-09-28,321.852703
2018-09-29,316.18932
2018-09-30,329.270754
2018-10-01,406.647019
2018-10-02,398.75037
2018-10-03,373.692049
2018-10-04,359.42624
2018-10-05,332.650532
2018-10-06,310.973524
2018-10-07,334.40257
2018-10-08,367.74639
2018-10-09,338.622243
2018-10-10,305.018809
2018-10-11,290.068909
2018-10-12,272.58334
2018-10-13,227.527033
2018-10-14,252.522162
2018-10-15,311.125355
2018-10-16,304.987471
2018-10-17,322.107686
2018-10-18,352.387279
2018-10-19,376.793432
2018-10-20,357.567776
2018-10-21,358.502083
2018-10-22,453.506409
2018-10-23,470.003717
2018-10-24,434.087028
2018-10-25,444.017167
2018-10-26,486.44144
2018-10-27,562.52488
2018-10-28,607.255996
2018-10-29,703.599727
2018-10-30,700.051656
2018-10-31,646.469765
2018-11-01,586.590899
2018-11-02,616.348347
2018-11-03,578.802248
2018-11-04,547.230373
2018-11-05,555.543989
2018-11-06,513.179083
2018-11-07,532.115525
2018-11-08,559.224206
2018-11-09,556.883035
2018-11-10,501.899438
2018-11-11,493.924313
2018-11-12,536.150809
2018-11-13,552.690496
2018-11-14,574.673099
2018-11-15,614.210976
2018-11-16,669.432873
2018-11-17,690.155438
2018-11-18,756.985161
2018-11-19,889.213348
2018-11-20,944.01677
2018-11-21,937.343035
2018-11-22,922.13615
2018-11-23,869.478779
2018-11-24,786.179933
2018-11-25,784.547865
2018-11-26,857.090583
2018-11-27,876.694584
2018-11-28,837.512598
2018-11-29,798.02157
2018-11-30,798.781594
2018-12-01,740.804676
2018-12-02,648.263714
2018-12-03,693.057595
2018-12-04,770.212604
2018-12-05,782.234362
2018-12-06,702.987088
2018-12-07,710.564291
2018-12-08,678.437914
2018-12-09,694.283294
2018-12-10,834.305817
2018-12-11,886.09568
2018-12-12,971.516339
2018-12-13,1045.048498
2018-12-14,1007.737373
2018-12-15,998.047179
2018-12-16,968.991063
2018-12-17,975.281557
2018-12-18,951.028867
2018-12-19,918.529059
2018-12-20,887.782315
2018-12-21,859.545082
2018-12-22,703.070167
2018-12-23,690.555645
2018-12-24,754.691528
2018-12-25,786.068266
2018-12-26,842.711628
2018-12-27,902.284214
2018-12-28,885.466305
2018-12-29,805.275263
2018-12-30,750.681379
2018-12-31,742.341807
2019-01-01,750.582962
2019-01-02,911.095475
2019-01-03,988.568318
2019-01-04,1011.958126
2019-01-05,924.000792
2019-01-06,863.291613
2019-01-07,903.217636
2019-01-08,929.853902
2019-01-09,1012.468677
2019-01-10,1043.807706
2019-01-11,980.608822
2019-01-12,871.156522
2019-01-13,802.854674
2019-01-14,896.078532
2019-01-15,933.276563
2019-01-16,911.590937
2019-01-17,968.568553
2019-01-18,1027.604615
2019-01-19,1005.514159
2019-01-20,1028.699582
2019-01-21,1135.323228
2019-01-22,1163.064038
2019-01-23,1186.33135
2019-01-24,1174.159238
2019-01-25,1086.577518
2019-01-26,929.852668
2019-01-27,942.406019
2019-01-28,1038.237269
2019-01-29,1070.109713
2019-01-30,1117.951126
2019-01-31,1143.810619
2019-02-01,1088.243164
2019-02-02,1004.229345
2019-02-03,980.227008
2019-02-04,1040.99219
2019-02-05,1009.344607
2019-02-06,943.281083
2019-02-07,912.787679
2019-02-08,869.814293
2019-02-09,782.091714
2019-02-10,792.19731
2019-02-11,889.645944
2019-02-12,895.022944
2019-02-13,880.619418
2019-02-14,856.012685
2019-02-15,797.438607
2019-02-16,711.242816
2019-02-17,676.335992
2019-02-18,741.686102
2019-02-19,761.602562
2019-02-20,747.917198
2019-02-21,708.097977
2019-02-22,684.646102
2019-02-23,687.275805
2019-02-24,708.233789
2019-02-25,730.101353
2019-02-26,674.846423
2019-02-27,630.210587
2019-02-28,656.121103
2019-03-01,677.595869
2019-03-02,615.763571
2019-03-03,605.870495
2019-03-04,690.070779
2019-03-05,700.897407
2019-03-06,671.528969
2019-03-07,684.932568
2019-03-08,685.228502
2019-03-09,623.611232
2019-03-10,665.244552
2019-03-11,773.563326
2019-03-12,800.899817
2019-03-13,799.123708
2019-03-14,755.528002
2019-03-15,676.994174
2019-03-16,615.470969
2019-03-17,637.044945
2019-03-18,736.441365
2019-03-19,723.541754
2019-03-20,687.427979
2019-03-21,632.441899
2019-03-22,578.285029
2019-03-23,533.636464
2019-03-24,528.192095
2019-03-25,622.946573
2019-03-26,659.876902
2019-03-27,647.444329
2019-03-28,612.623511
2019-03-29,541.246713
2019-03-30,449.722576
2019-03-31,478.765701
2019-04-01,525.420889
2019-04-02,551.114595
2019-04-03,624.05089
2019-04-04,655.957897
2019-04-05,615.259716
2019-04-06,521.168091
2019-04-07,486.512531
2019-04-08,508.376651
2019-04-09,530.258414
2019-04-10,571.954387
2019-04-11,613.30368
2019-04-12,656.783951
2019-04-13,651.167276
2019-04-14,665.436153
2019-04-15,604.827402
2019-04-16,540.56916
2019-04-17,457.652743
2019-04-18,389.967733
2019-04-19,325.508032
2019-04-20,270.600628
2019-04-21,245.507953
2019-04-22,246.528434
2019-04-23,294.159598
2019-04-24,303.80394
2019-04-25,327.369076
2019-04-26,355.674518
2019-04-27,396.332247
2019-04-28,431.655501
2019-04-29,457.005166
2019-04-30,423.835927
2019-05-01,372.322268
2019-05-02,407.046984
2019-05-03,452.105559
2019-05-04,485.268861
2019-05-05,523.536832
2019-05-06,563.750478
2019-05-07,509.000369
2019-05-08,497.993774
2019-05-09,470.422003
2019-05-10,424.078052
2019-05-11,381.780372
2019-05-12,387.400675
2019-05-13,410.0114
2019-05-14,396.974022
2019-05-15,394.834394
2019-05-16,379.076106
2019-05-17,370.12294
2019-05-18,313.071012
2019-05-19,295.05986
2019-05-20,325.483485
2019-05-21,318.453232
2019-05-22,301.587365
2019-05-23,283.849597
2019-05-24,242.782817
2019-05-25,229.165847
2019-05-26,224.876301
2019-05-27,266.857627
2019-05-28,302.476782
2019-05-29,311.315016
2019-05-30,264.674909
2019-05-31,234.577051
2019-06-01,192.249102
2019-06-02,176.048297
2019-06-03,214.431007
2019-06-04,226.310427
2019-06-05,231.837914
2019-06-06,234.054869
2019-06-07,240.835589
2019-06-08,226.465494
2019-06-09,209.494449
2019-06-10,241.987761
2019-06-11,279.698421
2019-06-12,285.68045
2019-06-13,280.208019
2019-06-14,245.606984
2019-06-15,219.836788
2019-06-16,196.332922
2019-06-17,218.376201
2019-06-18,193.597628
2019-06-19,217.698984
2019-06-20,215.452413
2019-06-21,212.591295
2019-06-22,177.883361
2019-06-23,168.623152
2019-06-24,201.844349
2019-06-25,199.728514
2019-06-26,200.675432
2019-06-27,193.266814
2019-06-28,184.495228
2019-06-29,152.961471
2019-06-30,145.151956
2019-07-01,184.249129
2019-07-02,197.549281
2019-07-03,204.562221
2019-07-04,204.140883
2019-07-05,187.213158
2019-07-06,155.152243
2019-07-07,158.40165
2019-07-08,209.65493
2019-07-09,213.167371
2019-07-10,213.162015
2019-07-11,207.815357
2019-07-12,195.156003
2019-07-13,168.127118
2019-07-14,168.739645
2019-07-15,209.607628
2019-07-16,206.851593
2019-07-17,199.876772
2019-07-18,198.124475
2019-07-19,191.239056
2019-07-20,154.365731
2019-07-21,151.440967
2019-07-22,177.347407
2019-07-23,173.275313
2019-07-24,169.139217
2019-07-25,160.963084
2019-07-26,160.837314
2019-07-27,143.961337
2019-07-28,142.918586
2019-07-29,171.060217
2019-07-30,172.569042
2019-07-31,181.463343
2019-08-01,181.324018
2019-08-02,175.462868
2019-08-03,149.751741
2019-08-04,144.272582
2019-08-05,167.453526
2019-08-06,170.310926
2019-08-07,174.640742
2019-08-08,176.084923
2019-08-09,161.039197
2019-08-10,148.163717
2019-08-11,147.706575
2019-08-12,185.230123
2019-08-13,195.618941
2019-08-14,196.527786
2019-08-15,171.293213
2019-08-16,180.616242
2019-08-17,157.891253
2019-08-18,155.08273
2019-08-19,191.235166
2019-08-20,200.80626
2019-08-21,197.600732
2019-08-22,197.102077
2019-08-23,180.688169
2019-08-24,154.428326
2019-08-25,145.108723
2019-08-26,172.283507
2019-08-27,183.648857
2019-08-28,186.178811
2019-08-29,188.392873
2019-08-30,185.750894
2019-08-31,158.330053
2019-09-01,170.122494
2019-09-02,212.61135
2019-09-03,217.341188
2019-09-04,224.220947
2019-09-05,241.427989
2019-09-06,248.081857
2019-09-07,227.520476
2019-09-08,232.580834
2019-09-09,284.574662
2019-09-10,278.058781
2019-09-11,268.403593
2019-09-12,247.126478
2019-09-13,236.568698
2019-09-14,201.464538
2019-09-15,199.243118
2019-09-16,245.903996
2019-09-17,264.1201
2019-09-18,287.468636
2019-09-19,295.804028
2019-09-20,285.777374
2019-09-21,232.497519
2019-09-22,216.983343
2019-09-23,254.456374
2019-09-24,265.187376
2019-09-25,268.75379
2019-09-26,263.196949
2019-09-27,267.131994
2019-09-28,250.188848
2019-09-29,258.225682
2019-09-30,296.625054
2019-10-01,304.698479
2019-10-02,364.295919
2019-10-03,412.228861
2019-10-04,409.1944
2019-10-05,370.347625
2019-10-06,380.106768
2019-10-07,431.242968
2019-10-08,401.570237
2019-10-09,424.419521
2019-10-10,407.68825
2019-10-11,377.57319
2019-10-12,332.1988
2019-10-13,305.195842
2019-10-14,353.50734
2019-10-15,359.518897
2019-10-16,384.232441
2019-10-17,390.491273
2019-10-18,401.215517
2019-10-19,373.298064
2019-10-20,390.279451
2019-10-21,434.810545
2019-10-22,444.135189
2019-10-23,431.377444
2019-10-24,416.044459
2019-10-25,425.853795
2019-10-26,385.753823
2019-10-27,431.440171
2019-10-28,540.509822
2019-10-29,580.288548
2019-10-30,624.720215
2019-10-31,648.674336
2019-11-01,569.306251
2019-11-02,493.242595
2019-11-03,497.608353
2019-11-04,551.321375
2019-11-05,581.779953
2019-11-06,637.116045
2019-11-07,674.296442
2019-11-08,717.357742
2019-11-09,707.444818
2019-11-10,711.229249
2019-11-11,788.72562
2019-11-12,819.670826
2019-11-13,824.484624
2019-11-14,849.682505
2019-11-15,839.534454
2019-11-16,769.571624
2019-11-17,764.061282
2019-11-18,846.459235
2019-11-19,874.617609
2019-11-20,879.460361
2019-11-21,872.889163
2019-11-22,792.626839
2019-11-23,709.889594
2019-11-24,677.302887
2019-11-25,711.743622
2019-11-26,681.249689
2019-11-27,675.335942
2019-11-28,690.499562
2019-11-29,765.92942
2019-11-30,804.432024
2019-12-01,860.628642
2019-12-02,934.860539
2019-12-03,932.348144
2019-12-04,964.072978
2019-12-05,987.124591
2019-12-06,886.114141
2019-12-07,746.480766
2019-12-08,725.754599
2019-12-09,839.091573
2019-12-10,881.104954
2019-12-11,920.350901
2019-12-12,958.937684
2019-12-13,931.845461
2019-12-14,865.56122
2019-12-15,801.270713
2019-12-16,832.264561
2019-12-17,742.573949
2019-12-18,778.478303
2019-12-19,699.934815
2019-12-20,700.215019
2019-12-21,685.212392
2019-12-22,688.089839
2019-12-23,733.051385
2019-12-24,703.640869
2019-12-25,695.22911
2019-12-26,755.153145
2019-12-27,792.068498
2019-12-28,820.647023
2019-12-29,870.787545
2019-12-30,916.0856
2019-12-31,905.317203
2020-01-01,849.130324
2020-01-02,907.899863
2020-01-03,863.627508
2020-01-04,828.919842
2020-01-05,810.77354
2020-01-06,897.258888
2020-01-07,895.642595
2020-01-08,836.30786
2020-01-09,808.622237
2020-01-10,838.154515
2020-01-11,808.435148
2020-01-12,808.809368
2020-01-13,888.099007
2020-01-14,854.707311
2020-01-15,828.582189
2020-01-16,823.796412
2020-01-17,835.254701
2020-01-18,854.299704
2020-01-19,900.160813
2020-01-20,1004.703428
2020-01-21,1033.647837
2020-01-22,1004.946119
2020-01-23,983.734809
2020-01-24,983.516226
2020-01-25,909.091839
2020-01-26,853.736426
2020-01-27,892.314629
2020-01-28,924.971433
2020-01-29,898.587121
2020-01-30,821.836733
2020-01-31,714.54838
2020-02-01,645.111129
2020-02-02,641.698616
2020-02-03,719.477
2020-02-04,828.057166
2020-02-05,872.909399
2020-02-06,912.904262
2020-02-07,893.713926
2020-02-08,796.806187
2020-02-09,741.093828
2020-02-10,831.055167
2020-02-11,866.884566
2020-02-12,870.102202
2020-02-13,868.943153
2020-02-14,806.583948
2020-02-15,698.318091
2020-02-16,655.732691
2020-02-17,749.427202
2020-02-18,774.496639
2020-02-19,808.126468
2020-02-20,808.106735
2020-02-21,810.99992
2020-02-22,714.43212
2020-02-23,679.576362
2020-02-24,736.88581
2020-02-25,769.40222
2020-02-26,867.873512
2020-02-27,912.351491
2020-02-28,877.06016
2020-02-29,756.431608
2020-03-01,750.374143
2020-03-02,831.652783
2020-03-03,846.462323
2020-03-04,844.651044
2020-03-05,851.351316
2020-03-06,828.881455
2020-03-07,733.201332
2020-03-08,700.270595
2020-03-09,770.040719
2020-03-10,707.030146
2020-03-11,628.357767
2020-03-12,671.10467
2020-03-13,685.338512
2020-03-14,646.535609
2020-03-15,628.804185
2020-03-16,648.230406
2020-03-17,608.266431
2020-03-18,578.302827
2020-03-19,578.019134
2020-03-20,603.800115
2020-03-21,617.228672
2020-03-22,659.82698
2020-03-23,756.832931
2020-03-24,735.16316
2020-03-25,735.197101
2020-03-26,726.588434
2020-03-27,659.394119
2020-03-28,581.480352
2020-03-29,670.015774
2020-03-30,747.184099
2020-03-31,753.052252
2020-04-01,740.273412
2020-04-02,677.274145
2020-04-03,627.378534
2020-04-04,526.709496
2020-04-05,433.398817
2020-04-06,414.751249
2020-04-07,383.076964
2020-04-08,338.528442
2020-04-09,330.902367
2020-04-10,315.503254
2020-04-11,281.887983
2020-04-12,269.821475
2020-04-13,365.975263
2020-04-14,466.446188
2020-04-15,437.987092
2020-04-16,368.564879
2020-04-17,354.947981
2020-04-18,345.9627
2020-04-19,315.811264
2020-04-20,353.622526
2020-04-21,347.680852
2020-04-22,332.30982
2020-04-23,305.561661
2020-04-24,284.487241
2020-04-25,283.619462
2020-04-26,288.127519
2020-04-27,303.454068
2020-04-28,364.185226
2020-04-29,370.658274
2020-04-30,373.884253
2020-05-01,356.976395
2020-05-02,337.844148
2020-05-03,334.557957
2020-05-04,343.353641
2020-05-05,365.102061
2020-05-06,350.236758
2020-05-07,313.391828
2020-05-08,264.666251
2020-05-09,222.128189
2020-05-10,245.091725
2020-05-11,368.612907
2020-05-12,405.577848
2020-05-13,428.994282
2020-05-14,416.214394
2020-05-15,372.560579
2020-05-16,324.289685
2020-05-17,281.198842
2020-05-18,277.263873
2020-05-19,254.252435
2020-05-20,229.74886
2020-05-21,200.407148
2020-05-22,198.892132
2020-05-23,203.824451
2020-05-24,220.96719
2020-05-25,241.177836
2020-05-26,244.039528
2020-05-27,238.997752
2020-05-28,235.145788
2020-05-29,224.95662
2020-05-30,195.864698
2020-05-31,196.687008
2020-06-01,196.376533
2020-06-02,198.193003
2020-06-03,206.440624
2020-06-04,239.052929
2020-06-05,262.168632
2020-06-06,253.282729
2020-06-07,246.764269
2020-06-08,284.271116
2020-06-09,279.337513
2020-06-10,280.68418
2020-06-11,262.309397
2020-06-12,234.703764
2020-06-13,190.540711
2020-06-14,185.224704
2020-06-15,213.183477
2020-06-16,215.989536
2020-06-17,219.789718
2020-06-18,227.136564
2020-06-19,220.664159
2020-06-20,180.234018
2020-06-21,173.82444
2020-06-22,204.179135
2020-06-23,199.995657
2020-06-24,191.77069
2020-06-25,186.352702
2020-06-26,179.267147
2020-06-27,150.574167
2020-06-28,158.488039
2020-06-29,206.418187
2020-06-30,215.619772
2020-07-01,211.897028
2020-07-02,215.82419
2020-07-03,209.111949
2020-07-04,178.189226
2020-07-05,169.716921
2020-07-06,218.368332
2020-07-07,228.423608
2020-07-08,240.437337
2020-07-09,232.215317
2020-07-10,217.801944
2020-07-11,193.997007
2020-07-12,178.593185
2020-07-13,206.944184
2020-07-14,211.812064
2020-07-15,225.137046
2020-07-16,223.047527
2020-07-17,206.110218
2020-07-18,175.306209
2020-07-19,165.980035
2020-07-20,200.404173
2020-07-21,206.081941
2020-07-22,206.166826
2020-07-23,202.828947
2020-07-24,193.503792
2020-07-25,165.019587
2020-07-26,157.229438
2020-07-27,189.144161
2020-07-28,199.071922
2020-07-29,200.334646
2020-07-30,190.702232
2020-07-31,169.984018
2020-08-01,149.621801
2020-08-02,151.356964
2020-08-03,186.385191
2020-08-04,193.230639
2020-08-05,189.255744
2020-08-06,179.039969
2020-08-07,165.333126
2020-08-08,142.20408
2020-08-09,138.518676
2020-08-10,161.42245
2020-08-11,163.035049
2020-08-12,159.38514
2020-08-13,161.161767
2020-08-14,160.50707
2020-08-15,143.975936
2020-08-16,148.526345
2020-08-17,179.900719
2020-08-18,182.201178
2020-08-19,180.579007
2020-08-20,169.820928
2020-08-21,164.608361
2020-08-22,149.264683
2020-08-23,155.780935
2020-08-24,197.274336
2020-08-25,203.228441
2020-08-26,212.559746
2020-08-27,220.712908
2020-08-28,204.478368
2020-08-29,205.664608
2020-08-30,208.530595
2020-08-31,238.720689
2020-09-01,245.054246
2020-09-02,247.861726
2020-09-03,237.845128
2020-09-04,224.406883
2020-09-05,204.82762
2020-09-06,212.589238
2020-09-07,249.313072
2020-09-08,234.784642
2020-09-09,231.336857
2020-09-10,243.781803
2020-09-11,233.799474
2020-09-12,204.337515
2020-09-13,190.942585
2020-09-14,213.074878
2020-09-15,212.457833
2020-09-16,215.086368
2020-09-17,221.646553
2020-09-18,228.72442
2020-09-19,205.391149
2020-09-20,204.436334
2020-09-21,235.629978
2020-09-22,237.360858
2020-09-23,251.810794
2020-09-24,280.738557
2020-09-25,323.112774
2020-09-26,336.702017
2020-09-27,337.90342
2020-09-28,385.673701
2020-09-29,353.821869
2020-09-30,346.012573
2020-10-01,363.852854
2020-10-02,378.245423
2020-10-03,350.211052
2020-10-04,363.24667
2020-10-05,412.91901
2020-10-06,409.853694
2020-10-07,416.5765
2020-10-08,411.252349
2020-10-09,421.60887
2020-10-10,426.828945
2020-10-11,446.602804
2020-10-12,523.282038
2020-10-13,560.39728
2020-10-14,564.272509
2020-10-15,588.502756
2020-10-16,576.732882
2020-10-17,530.42493
2020-10-18,524.313891
2020-10-19,558.676381
2020-10-20,511.774671
2020-10-21,449.020442
2020-10-22,441.198081
2020-10-23,446.564622
2020-10-24,423.416485
2020-10-25,438.316715
2020-10-26,528.840184
2020-10-27,568.125245
2020-10-28,562.737954
2020-10-29,530.763858
2020-10-30,478.598506
2020-10-31,440.036415
2020-11-01,422.255623
2020-11-02,455.302197
2020-11-03,559.819789
2020-11-04,617.432884
2020-11-05,646.445134
2020-11-06,637.820699
2020-11-07,580.925392
2020-11-08,539.601878
2020-11-09,560.370325
2020-11-10,572.270154
2020-11-11,580.807092
2020-11-12,595.390325
2020-11-13,591.59178
2020-11-14,513.5277
2020-11-15,515.731204
2020-11-16,602.69339
2020-11-17,592.026512
2020-11-18,594.769592
2020-11-19,683.019642
2020-11-20,745.684219
2020-11-21,702.659979
2020-11-22,712.634189
2020-11-23,799.480963
2020-11-24,789.934923
2020-11-25,800.225252
2020-11-26,828.004679
2020-11-27,843.626103
2020-11-28,787.560238
2020-11-29,828.651021
2020-11-30,935.010884
2020-12-01,920.652163
2020-12-02,944.758058
2020-12-03,961.798544
2020-12-04,956.911093
2020-12-05,885.950983
2020-12-06,893.918494
2020-12-07,976.820166
2020-12-08,971.642227
2020-12-09,996.176905
2020-12-10,986.15691
2020-12-11,926.613436
2020-12-12,829.94791
2020-12-13,819.339998
2020-12-14,834.722021
2020-12-15,818.791135
2020-12-16,821.766474
2020-12-17,801.101844
2020-12-18,774.174
2020-12-19,721.149566
2020-12-20,735.167213
2020-12-21,778.170853
2020-12-22,701.937516
2020-12-23,683.986506
2020-12-24,760.870514
2020-12-25,818.232499
2020-12-26,841.650368
2020-12-27,875.600973
2020-12-28,951.511026
2020-12-29,964.589751
2020-12-30,970.100509
2020-12-31,974.117422
2021-01-01,941.388718
2021-01-02,926.82069
2021-01-03,952.78105
2021-01-04,1048.06477
2021-01-05,1065.899244
2021-01-06,1065.580007
2021-01-07,1110.414757
2021-01-08,1106.396253
2021-01-09,1073.961063
2021-01-10,1054.319727
2021-01-11,1091.216662
2021-01-12,1052.278332
2021-01-13,1036.805711
2021-01-14,1053.079498
2021-01-15,1106.884106
2021-01-16,1054.842837
2021-01-17,1012.059074
2021-01-18,1067.297843
2021-01-19,1002.15229
2021-01-20,929.805612
2021-01-21,925.478857
2021-01-22,919.760587
2021-01-23,929.677024
2021-01-24,991.66825
2021-01-25,1078.992673
2021-01-26,1081.0785
2021-01-27,1011.918493
2021-01-28,917.995702
2021-01-29,872.708138
2021-01-30,901.162377
2021-01-31,939.00184
2021-02-01,995.275229
2021-02-02,906.580071
2021-02-03,848.878512
2021-02-04,834.345096
2021-02-05,805.949003
2021-02-06,831.337714
2021-02-07,979.696478
2021-02-08,1158.323546
2021-02-09,1187.582155
2021-02-10,1213.054919
2021-02-11,1234.348473
2021-02-12,1285.405647
2021-02-13,1254.278982
2021-02-14,1175.525646
2021-02-15,1090.893674
2021-02-16,946.980641
2021-02-17,856.839815
2021-02-18,831.033319
2021-02-19,790.021693
2021-02-20,635.325824
2021-02-21,608.834916
2021-02-22,670.053604
2021-02-23,628.53076
2021-02-24,573.657165
2021-02-25,594.499756
2021-02-26,653.126865
2021-02-27,673.49597
2021-02-28,700.845989
2021-03-01,794.804334
2021-03-02,776.302185
2021-03-03,775.702094
2021-03-04,805.54831
2021-03-05,850.149496
2021-03-06,845.13926
2021-03-07,841.056436
2021-03-08,878.941927
2021-03-09,858.983207
2021-03-10,838.233004
2021-03-11,769.024372
2021-03-12,754.446834
2021-03-13,718.488962
2021-03-14,732.025795
2021-03-15,783.583727
2021-03-16,780.970761
2021-03-17,819.611792
2021-03-18,851.694104
2021-03-19,847.470893
2021-03-20,803.063007
2021-03-21,784.774856
2021-03-22,812.970101
2021-03-23,765.538907
2021-03-24,688.216066
2021-03-25,657.523503
2021-03-26,629.230176
2021-03-27,599.30573
2021-03-28,565.126145
2021-03-29,510.635556
2021-03-30,447.115579
2021-03-31,399.035643
2021-04-01,427.324055
2021-04-02,504.920271
2021-04-03,532.124443
2021-04-04,540.564648
2021-04-05,659.132629
2021-04-06,825.99696
2021-04-07,868.49558
2021-04-08,782.091757
2021-04-09,674.701395
2021-04-10,646.767707
2021-04-11,655.641089
2021-04-12,750.479797
2021-04-13,744.012651
2021-04-14,736.941971
2021-04-15,742.106829
2021-04-16,702.607626
2021-04-17,604.249233
2021-04-18,566.797342
2021-04-19,567.785665
2021-04-20,511.793579
2021-04-21,517.759875
2021-04-22,528.075792
2021-04-23,489.090017
2021-04-24,435.94785
2021-04-25,451.659363
2021-04-26,508.052897
2021-04-27,499.1919
2021-04-28,491.703155
2021-04-29,522.93312
2021-04-30,510.808884
2021-05-01,468.567156
2021-05-02,478.726172
2021-05-03,518.629527
2021-05-04,531.015393
2021-05-05,538.871211
2021-05-06,548.191582
2021-05-07,505.477306
2021-05-08,434.670976
2021-05-09,300.989969
2021-05-10,323.177065
2021-05-11,342.666995
2021-05-12,352.518195
2021-05-13,366.605517
2021-05-14,389.911019
2021-05-15,373.370651
2021-05-16,357.138894
2021-05-17,403.693276
2021-05-18,392.50249
2021-05-19,397.941867
2021-05-20,410.299673
2021-05-21,397.082447
2021-05-22,379.920006
2021-05-23,363.927357
2021-05-24,392.970798
2021-05-25,427.347767
2021-05-26,408.350012
2021-05-27,378.132142
2021-05-28,328.070423
2021-05-29,269.721965
2021-05-30,248.724038
2021-05-31,266.627372
2021-06-01,239.533188
2021-06-02,219.086399
2021-06-03,215.700319
2021-06-04,212.547781
2021-06-05,193.162621
2021-06-06,192.908003
2021-06-07,219.253195
2021-06-08,218.239424
2021-06-09,213.483445
2021-06-10,205.685888
2021-06-11,201.109131
2021-06-12,176.954425
2021-06-13,172.27358
2021-06-14,204.476429
2021-06-15,202.170975
2021-06-16,199.08057
2021-06-17,193.630169
2021-06-18,193.135727
2021-06-19,171.511819
2021-06-20,172.901612
2021-06-21,219.924214
2021-06-22,225.288797
2021-06-23,232.143213
2021-06-24,223.17954
2021-06-25,220.08754
2021-06-26,184.666587
2021-06-27,173.458422
2021-06-28,213.579484
2021-06-29,209.221701
2021-06-30,223.407663
2021-07-01,221.108858
2021-07-02,207.216461
2021-07-03,185.333167
2021-07-04,168.26653
2021-07-05,221.169726
2021-07-06,218.802144
2021-07-07,223.621989
2021-07-08,215.389417
2021-07-09,215.315022
2021-07-10,180.422545
2021-07-11,184.984684
2021-07-12,206.288387
2021-07-13,215.711529
2021-07-14,206.108591
2021-07-15,224.008101
2021-07-16,204.153528
2021-07-17,177.221629
2021-07-18,160.744618
2021-07-19,203.911653
2021-07-20,194.377972
2021-07-21,203.29959
2021-07-22,192.946228
2021-07-23,194.075324
2021-07-24,160.522663
2021-07-25,165.153468
2021-07-26,186.801788
2021-07-27,196.164631
2021-07-28,191.714047
2021-07-29,203.536192
2021-07-30,189.244797
2021-07-31,181.57242
2021-08-01,180.141928
2021-08-02,201.335105
2021-08-03,213.789498
2021-08-04,198.964201
2021-08-05,206.007766
2021-08-06,185.112006
2021-08-07,178.535083
2021-08-08,164.868941
2021-08-09,202.053695
2021-08-10,190.939405
2021-08-11,194.766918
2021-08-12,173.166037
2021-08-13,179.410976
2021-08-14,154.152391
2021-08-15,155.822824
2021-08-16,184.703341
2021-08-17,213.457588
2021-08-18,203.868108
2021-08-19,218.847412
2021-08-20,190.213297
2021-08-21,181.90793
2021-08-22,167.502197
2021-08-23,212.393559
2021-08-24,208.841808
2021-08-25,228.439361
2021-08-26,221.384461
2021-08-27,240.946178
2021-08-28,197.745013
2021-08-29,215.393515
2021-08-30,233.151479
2021-08-31,258.844426
2021-09-01,258.54837
2021-09-02,251.68474
2021-09-03,243.773028
2021-09-04,208.773133
2021-09-05,196.638957
2021-09-06,226.204405
2021-09-07,221.542679
2021-09-08,218.510783
2021-09-09,219.604932
2021-09-10,214.081462
2021-09-11,184.396038
2021-09-12,193.5242
2021-09-13,234.93794
2021-09-14,246.2061
2021-09-15,237.014432
2021-09-16,241.134474
2021-09-17,239.072121
2021-09-18,214.248376
2021-09-19,228.059446
2021-09-20,286.038261
2021-09-21,296.169331
2021-09-22,294.843867
2021-09-23,284.977197
2021-09-24,262.543596
2021-09-25,226.248957
2021-09-26,209.478152
2021-09-27,255.845064
2021-09-28,291.980585
2021-09-29,333.421224
2021-09-30,360.287467
2021-10-01,326.277098
2021-10-02,304.400685
2021-10-03,288.5223
2021-10-04,334.563381
2021-10-05,364.718448
2021-10-06,386.526875
2021-10-07,366.965354
2021-10-08,352.12935
2021-10-09,334.806744
2021-10-10,366.736978
2021-10-11,434.320659
2021-10-12,462.217647
2021-10-13,475.285538
2021-10-14,465.316088
2021-10-15,471.381047
2021-10-16,445.539259
2021-10-17,434.884285
2021-10-18,466.079713
2021-10-19,400.025588
2021-10-20,399.741025
2021-10-21,474.802683
2021-10-22,503.048735
2021-10-23,481.312987
2021-10-24,482.554892
2021-10-25,531.891897
2021-10-26,510.053342
2021-10-27,485.879881
2021-10-28,487.872877
2021-10-29,481.932926
2021-10-30,466.824694
2021-10-31,452.595292
2021-11-01,525.176562
2021-11-02,605.618911
2021-11-03,656.161525
2021-11-04,683.108923
2021-11-05,665.629546
2021-11-06,610.531605
2021-11-07,601.945476
2021-11-08,678.525338
2021-11-09,665.583841
2021-11-10,680.742115
2021-11-11,653.784137
2021-11-12,656.578579
2021-11-13,587.525665
2021-11-14,586.079786
2021-11-15,691.442884
2021-11-16,714.46035
2021-11-17,701.435886
2021-11-18,682.198093
2021-11-19,642.224679
2021-11-20,619.456511
2021-11-21,679.117935
2021-11-22,807.896067
2021-11-23,819.42686
2021-11-24,835.634085
2021-11-25,887.202335
2021-11-26,894.999846
2021-11-27,879.010977
2021-11-28,914.162167
2021-11-29,1008.760364
2021-11-30,903.621931
2021-12-01,877.261955
2021-12-02,970.163193
2021-12-03,948.132195
2021-12-04,855.139808
2021-12-05,881.965413
2021-12-06,992.145086
2021-12-07,990.500717
2021-12-08,970.398302
2021-12-09,981.47119
2021-12-10,990.303814
2021-12-11,909.671788
2021-12-12,807.379863
2021-12-13,855.969602
2021-12-14,838.655032
2021-12-15,817.697149
2021-12-16,823.19158
2021-12-17,841.876878
2021-12-18,812.26568
2021-12-19,835.873288
2021-12-20,957.051606
2021-12-21,1038.555187
2021-12-22,1078.72331
2021-12-23,962.068419
2021-12-24,812.428023
2021-12-25,820.414534
2021-12-26,653.388531
2021-12-27,807.229173
2021-12-28,749.287271
2021-12-29,697.364195
2021-12-30,606.017965
2021-12-31,568.128637
2022-01-01,543.336054
2022-01-02,590.787984
2022-01-03,684.066764
2022-01-04,782.432417
2022-01-05,891.447074
2022-01-06,938.937658
2022-01-07,970.447194
2022-01-08,911.066615
2022-01-09,912.404762
2022-01-10,1006.345769
2022-01-11,1005.450138
2022-01-12,1029.718579
2022-01-13,1032.495784
2022-01-14,1004.861047
2022-01-15,958.519069
2022-01-16,911.485985
2022-01-17,964.061557
2022-01-18,973.355511
2022-01-19,965.891835
2022-01-20,1014.164799
2022-01-21,1019.410902
2022-01-22,919.384331
2022-01-23,906.454676
2022-01-24,1013.987463
2022-01-25,1048.520502
2022-01-26,1016.779687
2022-01-27,978.951865
2022-01-28,927.900555
2022-01-29,810.956975
2022-01-30,812.76207
2022-01-31,934.008437
2022-02-01,881.969529
2022-02-02,818.743609
2022-02-03,819.020544
2022-02-04,834.439502
2022-02-05,794.334027
2022-02-06,799.871617
2022-02-07,861.523388
2022-02-08,804.506079
2022-02-09,788.771339
2022-02-10,829.560726
2022-02-11,871.38366
2022-02-12,845.825647
2022-02-13,799.533357
2022-02-14,833.1145
2022-02-15,840.512569
2022-02-16,750.802793
2022-02-17,750.77422
2022-02-18,783.072637
2022-02-19,761.986488
2022-02-20,704.197405
2022-02-21,806.981827
2022-02-22,773.862073
2022-02-23,754.880346
2022-02-24,798.475242
2022-02-25,810.972676
2022-02-26,776.752482
2022-02-27,779.457947
2022-02-28,846.524669
2022-03-01,855.142282
2022-03-02,834.663145
2022-03-03,799.450203
2022-03-04,816.171718
2022-03-05,808.821891
2022-03-06,836.892753
2022-03-07,912.861181
2022-03-08,872.419761
2022-03-09,796.413664
2022-03-10,708.214893
2022-03-11,701.639436
2022-03-12,636.684433
2022-03-13,622.315007
2022-03-14,665.38084
2022-03-15,651.755013
2022-03-16,637.35031
2022-03-17,643.613455
2022-03-18,611.518546
2022-03-19,570.571413
2022-03-20,612.086653
2022-03-21,622.810892
2022-03-22,563.763245
2022-03-23,535.163716
2022-03-24,513.773438
2022-03-25,485.837388
2022-03-26,414.97646
2022-03-27,430.841042
2022-03-28,476.24179
2022-03-29,502.970474
2022-03-30,593.771738
2022-03-31,713.266363
2022-04-01,780.624434
2022-04-02,752.680274
2022-04-03,743.057932
2022-04-04,755.873024
2022-04-05,640.987514
2022-04-06,595.099864
2022-04-07,591.828954
2022-04-08,602.704456
2022-04-09,585.725853
2022-04-10,561.146285
2022-04-11,541.821909
2022-04-12,474.696152
2022-04-13,414.583923
2022-04-14,368.545005
2022-04-15,351.020837
2022-04-16,323.782978
2022-04-17,336.245329
2022-04-18,359.139075
2022-04-19,409.998213
2022-04-20,401.816495
2022-04-21,390.197955
2022-04-22,376.830807
2022-04-23,331.524858
2022-04-24,339.116484
2022-04-25,414.509762
2022-04-26,429.611273
2022-04-27,419.618829
2022-04-28,415.404618
2022-04-29,386.098798
2022-04-30,341.960371
2022-05-01,337.260089
2022-05-02,352.303721
2022-05-03,355.21916
2022-05-04,340.207712
2022-05-05,324.410264
2022-05-06,304.55408
2022-05-07,262.694326
2022-05-08,249.510814
2022-05-09,259.317941
2022-05-10,242.907665
2022-05-11,245.390064
2022-05-12,246.993983
2022-05-13,245.977324
2022-05-14,204.04192
2022-05-15,193.9458
2022-05-16,229.282091
2022-05-17,220.339909
2022-05-18,207.642245
2022-05-19,208.051019
2022-05-20,210.732347
2022-05-21,190.643119
2022-05-22,185.641965
2022-05-23,232.840106
2022-05-24,242.40177
2022-05-25,235.991519
2022-05-26,218.944
2022-05-27,228.712682
2022-05-28,220.495958
2022-05-29,246.675645
2022-05-30,298.416381
2022-05-31,289.12358
2022-06-01,260.349018
2022-06-02,231.006464
2022-06-03,210.825815
2022-06-04,187.483049
2022-06-05,195.200294
2022-06-06,214.707839
2022-06-07,225.435433
2022-06-08,224.427102
2022-06-09,225.13111
2022-06-10,209.452
2022-06-11,173.822422
2022-06-12,172.588557
2022-06-13,213.952119
2022-06-14,211.980699
2022-06-15,204.054903
2022-06-16,190.245466
2022-06-17,180.078564
2022-06-18,154.677216
2022-06-19,159.192524
2022-06-20,194.704104
2022-06-21,205.672158
2022-06-22,197.656125
2022-06-23,194.569919
2022-06-24,181.580411
2022-06-25,151.386196
2022-06-26,151.782451
2022-06-27,194.092257
2022-06-28,196.170763
2022-06-29,204.440038
2022-06-30,207.495155
2022-07-01,196.541378
2022-07-02,159.705704
2022-07-03,155.299554
2022-07-04,192.30747
2022-07-05,206.991752
2022-07-06,202.053205
2022-07-07,207.585305
2022-07-08,195.991329
2022-07-09,160.718266
2022-07-10,163.662535
2022-07-11,188.654505
2022-07-12,188.220152
2022-07-13,178.065834
2022-07-14,185.747454
2022-07-15,178.080678
2022-07-16,151.54777
2022-07-17,145.383747
2022-07-18,174.741596
2022-07-19,167.507667
2022-07-20,168.574593
2022-07-21,180.123441
2022-07-22,176.203237
2022-07-23,142.151257
2022-07-24,135.39568
2022-07-25,165.876175
2022-07-26,188.161565
2022-07-27,183.293539
2022-07-28,186.063909
2022-07-29,174.258155
2022-07-30,147.557402
2022-07-31,142.802842
2022-08-01,158.295735
2022-08-02,155.367761
2022-08-03,162.136644
2022-08-04,161.420891
2022-08-05,155.135253
2022-08-06,138.74519
2022-08-07,137.350601
2022-08-08,164.774264
2022-08-09,161.588921
2022-08-10,161.901285
2022-08-11,170.517966
2022-08-12,149.918902
2022-08-13,128.876673
2022-08-14,127.363338
2022-08-15,139.650596
2022-08-16,154.392118
2022-08-17,161.154373
2022-08-18,158.427514
2022-08-19,152.88229
2022-08-20,132.490174
2022-08-21,140.419584
2022-08-22,170.23266
2022-08-23,176.336066
2022-08-24,164.545912
2022-08-25,179.083366
2022-08-26,179.59232
2022-08-27,150.871512
2022-08-28,148.207102
2022-08-29,176.322377
2022-08-30,188.310223
2022-08-31,187.916285
2022-09-01,204.76888
2022-09-02,189.649885
2022-09-03,157.785546
2022-09-04,149.543586
2022-09-05,178.528624
2022-09-06,191.936215
2022-09-07,196.188404
2022-09-08,200.80382
2022-09-09,191.622989
2022-09-10,167.865209
2022-09-11,164.430075
2022-09-12,198.205409
2022-09-13,203.013308
2022-09-14,209.761687
2022-09-15,214.207054
2022-09-16,224.849719
2022-09-17,212.202058
2022-09-18,229.551593
2022-09-19,254.837251
2022-09-20,283.055537
2022-09-21,284.602047
2022-09-22,289.973768
2022-09-23,278.634551
2022-09-24,239.857296
2022-09-25,246.055549
2022-09-26,292.176926
2022-09-27,335.400891
2022-09-28,355.522358
2022-09-29,357.037133
2022-09-30,332.045557
2022-10-01,260.267733
2022-10-02,255.069553
2022-10-03,300.028114
2022-10-04,291.775734
2022-10-05,279.030462
2022-10-06,286.37921
2022-10-07,286.618146
2022-10-08,263.924731
2022-10-09,271.597414
2022-10-10,324.228947
2022-10-11,347.821653
2022-10-12,350.064223
2022-10-13,335.224911
2022-10-14,316.380094
2022-10-15,264.5284
2022-10-16,253.94955
2022-10-17,271.285693
2022-10-18,292.465677
2022-10-19,307.145356
2022-10-20,313.901217
2022-10-21,294.370503
2022-10-22,256.191073
2022-10-23,245.924612
2022-10-24,284.915209
2022-10-25,295.927716
2022-10-26,279.703097
2022-10-27,283.862304
2022-10-28,262.551621
2022-10-29,234.525758
2022-10-30,241.267256
2022-10-31,279.112858
2022-11-01,300.763293
2022-11-02,367.247414
2022-11-03,389.331405
2022-11-04,427.044739
2022-11-05,413.981811
2022-11-06,418.9064
2022-11-07,442.165041
2022-11-08,435.715131
2022-11-09,432.580181
2022-11-10,432.142482
2022-11-11,428.145873
2022-11-12,421.725793
2022-11-13,440.252135
2022-11-14,518.479553
2022-11-15,521.209339
2022-11-16,530.240081
2022-11-17,534.235734
2022-11-18,565.283109
2022-11-19,594.497299
2022-11-20,627.741482
2022-11-21,711.280823
2022-11-22,702.686864
2022-11-23,657.139659
2022-11-24,641.669396
2022-11-25,623.386248
2022-11-26,587.226655
2022-11-27,595.420633
2022-11-28,690.161252
2022-11-29,735.256924
2022-11-30,747.605192
2022-12-01,767.68439
2022-12-02,810.284709
2022-12-03,767.851561
2022-12-04,768.036667
2022-12-05,830.395824
2022-12-06,828.353977
2022-12-07,859.396857
2022-12-08,877.971575
2022-12-09,913.667483
2022-12-10,889.071055
2022-12-11,929.125394
2022-12-12,1061.958882
2022-12-13,1088.302584
2022-12-14,1070.187974
2022-12-15,1066.925195
2022-12-16,1044.871017
2022-12-17,992.783563
2022-12-18,945.347921
2022-12-19,816.605099
2022-12-20,739.860741
2022-12-21,710.884897
2022-12-22,661.536031
2022-12-23,596.041089
2022-12-24,544.870228
2022-12-25,511.911937
2022-12-26,580.891956
2022-12-27,653.173926
2022-12-28,622.905475
2022-12-29,614.055175
2022-12-30,584.881053
2022-12-31,482.944456
2023-01-01,470.91184
2023-01-02,568.852053
2023-01-03,615.602678
2023-01-04,578.810004
2023-01-05,569.994505
2023-01-06,568.245097
2023-01-07,546.966647
2023-01-08,589.766345
2023-01-09,706.371868
2023-01-10,706.827793
2023-01-11,683.391524
2023-01-12,673.923364
2023-01-13,690.836894
2023-01-14,631.841706
2023-01-15,686.949492
2023-01-16,830.489276
2023-01-17,915.094017
2023-01-18,935.015725
2023-01-19,963.088961
2023-01-20,968.699259
2023-01-21,935.19124
2023-01-22,939.159397
2023-01-23,983.67312
2023-01-24,948.31167
2023-01-25,946.895773
2023-01-26,917.995634
2023-01-27,917.180688
2023-01-28,867.056311
2023-01-29,843.708018
2023-01-30,863.442781
2023-01-31,831.913809
2023-02-01,798.481727
2023-02-02,751.131258
2023-02-03,700.926488
2023-02-04,650.341883
2023-02-05,725.861092
2023-02-06,862.668674
2023-02-07,924.980711
2023-02-08,943.753607
2023-02-09,943.777882
2023-02-10,890.267068
2023-02-11,759.819869
2023-02-12,717.399811
2023-02-13,752.299168
2023-02-14,751.394777
2023-02-15,720.670997
2023-02-16,685.988575
2023-02-17,608.765063
2023-02-18,544.029339
2023-02-19,554.148685
2023-02-20,613.914237
2023-02-21,618.112559
2023-02-22,629.810516
2023-02-23,650.714557
2023-02-24,667.484047
2023-02-25,679.872631
2023-02-26,762.873625
2023-02-27,868.538353
2023-02-28,869.854162
2023-03-01,851.261975
2023-03-02,818.894167
2023-03-03,797.409427
2023-03-04,720.721303
2023-03-05,728.65406
2023-03-06,790.777379
2023-03-07,799.030941
2023-03-08,801.792321
2023-03-09,732.878373
2023-03-10,739.458878
2023-03-11,664.88291
2023-03-12,589.028005
2023-03-13,535.298526
2023-03-14,639.304105
2023-03-15,675.645322
2023-03-16,614.280605
2023-03-17,539.069087
2023-03-18,458.137899
2023-03-19,481.241667
2023-03-20,543.939813
2023-03-21,499.088596
2023-03-22,473.644364
2023-03-23,439.530984
2023-03-24,434.780097
2023-03-25,421.307107
2023-03-26,501.172005
2023-03-27,601.471479
2023-03-28,642.685562
2023-03-29,531.585644
2023-03-30,454.466721
2023-03-31,469.3947
2023-04-01,454.865543
2023-04-02,496.971147
2023-04-03,576.775427
2023-04-04,606.655544
2023-04-05,589.943554
2023-04-06,575.255641
2023-04-07,520.046529
2023-04-08,454.719346
2023-04-09,402.028496
2023-04-10,400.27379
2023-04-11,459.613857
2023-04-12,493.43123
2023-04-13,513.203318
2023-04-14,513.984046
2023-04-15,438.573041
2023-04-16,431.76966
2023-04-17,447.329144
2023-04-18,429.177366
2023-04-19,414.242726
2023-04-20,449.719552
2023-04-21,414.854377
2023-04-22,349.611829
2023-04-23,328.364449
2023-04-24,411.455175
2023-04-25,440.248154
2023-04-26,458.207743
2023-04-27,428.912296
2023-04-28,377.399798
2023-04-29,313.851965
2023-04-30,283.088689
2023-05-01,295.974851
2023-05-02,347.152172
2023-05-03,329.598355
2023-05-04,303.480656
2023-05-05,273.834061
2023-05-06,234.965241
2023-05-07,213.969255
2023-05-08,254.048576
2023-05-09,264.367863
2023-05-10,281.886863
2023-05-11,285.781443
2023-05-12,293.320294
2023-05-13,248.492793
2023-05-14,236.171503
2023-05-15,281.379075
2023-05-16,303.933045
2023-05-17,301.606133
2023-05-18,282.944138
2023-05-19,266.60072
2023-05-20,219.231658
2023-05-21,197.383724
2023-05-22,219.276144
2023-05-23,226.632945
2023-05-24,239.868776
2023-05-25,239.819048
2023-05-26,224.389279
2023-05-27,187.648671
2023-05-28,168.637834
2023-05-29,180.818912
2023-05-30,219.896926
2023-05-31,217.328029
2023-06-01,217.52916
2023-06-02,198.04871
2023-06-03,169.066264
2023-06-04,167.114658
2023-06-05,202.175241
2023-06-06,209.24364
2023-06-07,208.25231
2023-06-08,192.17302
2023-06-09,178.459455
2023-06-10,146.100024
2023-06-11,146.513909
2023-06-12,176.84622
2023-06-13,177.947681
2023-06-14,179.783022
2023-06-15,182.769649
2023-06-16,171.717583
2023-06-17,146.114722
2023-06-18,142.71299
2023-06-19,168.106689
2023-06-20,172.392235
2023-06-21,168.381175
2023-06-22,172.86273
2023-06-23,163.422453
2023-06-24,133.952939
2023-06-25,134.092307
2023-06-26,166.44557
2023-06-27,176.332261
2023-06-28,182.548842
2023-06-29,173.541365
2023-06-30,165.834452
2023-07-01,143.955552
2023-07-02,144.008873
2023-07-03,179.489671
2023-07-04,189.102214
2023-07-05,184.668831
2023-07-06,182.726379
2023-07-07,163.548134
2023-07-08,138.861914
2023-07-09,135.079518
2023-07-10,167.474785
2023-07-11,168.193128
2023-07-12,169.632036
2023-07-13,172.00727
2023-07-14,158.259772
2023-07-15,131.046083
2023-07-16,135.899127
2023-07-17,175.485617
2023-07-18,186.859204
2023-07-19,171.511796
2023-07-20,179.493334
2023-07-21,170.368647
2023-07-22,149.825709
2023-07-23,137.70759
2023-07-24,175.786464
2023-07-25,183.734509
2023-07-26,184.610377
2023-07-27,181.007853
2023-07-28,167.644589
2023-07-29,137.514901
2023-07-30,137.154359
2023-07-31,162.465476
2023-08-01,172.861334
2023-08-02,169.490026
2023-08-03,170.770779
2023-08-04,172.5672
2023-08-05,153.239825
2023-08-06,154.013823
2023-08-07,175.196488
2023-08-08,178.787288
2023-08-09,174.660335
2023-08-10,161.613368
2023-08-11,148.305459
2023-08-12,124.611021
2023-08-13,127.713169
2023-08-14,142.389255
2023-08-15,138.797523
2023-08-16,148.547811
2023-08-17,144.532254
2023-08-18,138.158996
2023-08-19,133.900431
2023-08-20,129.570317
2023-08-21,146.400017
2023-08-22,156.174965
2023-08-23,158.707584
2023-08-24,158.933383
2023-08-25,160.96019
2023-08-26,138.973404
2023-08-27,143.723309
2023-08-28,180.795789
2023-08-29,197.295176
2023-08-30,204.861615
2023-08-31,204.195353
2023-09-01,193.275906
2023-09-02,159.26435
2023-09-03,149.354086
2023-09-04,179.797121
2023-09-05,173.487307
2023-09-06,170.228176
2023-09-07,170.76103
2023-09-08,164.982463
2023-09-09,140.333745
2023-09-10,136.141069
2023-09-11,171.198531
2023-09-12,179.782891
2023-09-13,186.517029
2023-09-14,194.363752
2023-09-15,188.332119
2023-09-16,158.281434
2023-09-17,158.474613
2023-09-18,178.798781
2023-09-19,188.356494
2023-09-20,194.572817
2023-09-21,205.175058
2023-09-22,210.598935
2023-09-23,194.51338
2023-09-24,189.110662
2023-09-25,219.83593
2023-09-26,215.995213
2023-09-27,215.847199
2023-09-28,208.869589
2023-09-29,204.04172
2023-09-30,177.113136
2023-10-01,175.895741
2023-10-02,214.125278
2023-10-03,213.627307
2023-10-04,234.544805
2023-10-05,240.446251
2023-10-06,225.619739
2023-10-07,192.720506
2023-10-08,197.609404
2023-10-09,224.302172
2023-10-10,216.485813
2023-10-11,228.031133
2023-10-12,244.26175
2023-10-13,221.641577
2023-10-14,239.806096
2023-10-15,308.511567
2023-10-16,398.763757
2023-10-17,396.75534
2023-10-18,385.818161
2023-10-19,344.082461
2023-10-20,342.264633
2023-10-21,307.489299
2023-10-22,322.462727
2023-10-23,387.968165
2023-10-24,384.486583
2023-10-25,403.421976
2023-10-26,404.131453
2023-10-27,388.331372
2023-10-28,360.264023
2023-10-29,345.055607
2023-10-30,395.971178
2023-10-31,411.011119
2023-11-01,393.99775
2023-11-02,450.973826
2023-11-03,478.17594
2023-11-04,462.614191
2023-11-05,439.720944
2023-11-06,497.556908
2023-11-07,522.661751
2023-11-08,538.838738
2023-11-09,558.433136
2023-11-10,582.666563
2023-11-11,559.395989
2023-11-12,565.477011
2023-11-13,544.398505
2023-11-14,518.463416
2023-11-15,536.32431
2023-11-16,593.634752
2023-11-17,604.333386
2023-11-18,545.034069
2023-11-19,483.707983
2023-11-20,551.699784
2023-11-21,592.904408
2023-11-22,648.466547
2023-11-23,607.731273
2023-11-24,678.710368
2023-11-25,716.348875
2023-11-26,734.010337
2023-11-27,792.968171
2023-11-28,832.862466
2023-11-29,880.136958
2023-11-30,912.095092
2023-12-01,924.531965
2023-12-02,898.642757
2023-12-03,877.153616
2023-12-04,915.488115
2023-12-05,889.184552
2023-12-06,895.340832
2023-12-07,881.999005
2023-12-08,788.8792
2023-12-09,685.999011
2023-12-10,648.105707
2023-12-11,686.411846
2023-12-12,671.87647
2023-12-13,695.958574
2023-12-14,736.151846
2023-12-15,717.367703
2023-12-16,656.320276
2023-12-17,667.741289
2023-12-18,745.059279
2023-12-19,739.912866
2023-12-20,727.204941
2023-12-21,670.982384
2023-12-22,636.912054
2023-12-23,572.651168
2023-12-24,515.561037
2023-12-25,500.376445
2023-12-26,570.894686
2023-12-27,612.344273
2023-12-28,594.311881
2023-12-29,597.637966
2023-12-30,579.879948
2023-12-31,591.074554
2024-01-01,607.385912
2024-01-02,632.468286
2024-01-03,629.288846
2024-01-04,660.929547
2024-01-05,712.454673
2024-01-06,729.308942
2024-01-07,829.534733
2024-01-08,1000.770242
2024-01-09,1050.319047
2024-01-10,1062.195079
2024-01-11,1038.977357
2024-01-12,983.934433
2024-01-13,910.081771
2024-01-14,901.0827
2024-01-15,986.210578
2024-01-16,1001.792502
2024-01-17,992.955602
2024-01-18,987.369092
2024-01-19,985.544031
2024-01-20,947.478978
2024-01-21,864.683874
2024-01-22,821.322748
2024-01-23,771.200053
2024-01-24,693.927892
2024-01-25,682.819478
2024-01-26,695.508691
2024-01-27,719.559016
2024-01-28,719.233033
2024-01-29,748.797606
2024-01-30,751.831397
2024-01-31,764.507869
2024-02-01,753.379619
2024-02-02,706.536476
2024-02-03,601.834544
2024-02-04,582.306527
2024-02-05,644.646961
2024-02-06,645.661697
2024-02-07,691.069674
2024-02-08,707.723623
2024-02-09,632.986507
2024-02-10,567.804926
2024-02-11,585.950283
2024-02-12,675.919149
2024-02-13,695.233233
2024-02-14,619.686232
2024-02-15,549.396489
2024-02-16,546.767938
2024-02-17,509.479752
2024-02-18,510.341748
2024-02-19,583.348335
2024-02-20,601.773018
2024-02-21,603.22677
2024-02-22,622.666409
2024-02-23,689.898017
2024-02-24,670.418568
2024-02-25,658.422606
2024-02-26,745.215546
2024-02-27,734.5159
2024-02-28,688.491096
2024-02-29,654.044169
2024-03-01,674.161851
2024-03-02,605.891793
2024-03-03,595.197017
2024-03-04,644.508614
2024-03-05,643.633421
2024-03-06,653.56669
2024-03-07,670.534445
2024-03-08,667.472957
2024-03-09,590.212752
2024-03-10,585.220855
2024-03-11,642.664222
2024-03-12,607.007419
2024-03-13,556.765782
2024-03-14,496.914435
2024-03-15,474.78934
2024-03-16,462.49958
2024-03-17,449.015638
2024-03-18,485.684688
2024-03-19,479.230225
2024-03-20,454.729806
2024-03-21,453.451345
2024-03-22,455.578139
2024-03-23,485.093795
2024-03-24,525.067964
2024-03-25,577.762978
2024-03-26,560.596198
2024-03-27,559.775355
2024-03-28,573.927789
2024-03-29,489.659283
2024-03-30,412.406151
2024-03-31,402.368317
2024-04-01,434.398303
2024-04-02,469.613578
2024-04-03,471.66535
2024-04-04,435.695155
2024-04-05,361.674041
2024-04-06,270.198779
2024-04-07,267.5359
2024-04-08,308.591833
2024-04-09,371.788779
2024-04-10,402.272223
2024-04-11,352.316434
2024-04-12,294.524963
2024-04-13,239.390971
2024-04-14,261.782226
2024-04-15,368.324821
2024-04-16,427.473079
2024-04-17,483.812344
2024-04-18,497.613554
2024-04-19,484.557637
2024-04-20,461.438626
2024-04-21,476.991245
2024-04-22,568.101382
2024-04-23,569.00093
2024-04-24,550.525963
2024-04-25,545.427923
2024-04-26,486.413726
2024-04-27,389.108414
2024-04-28,356.463779
2024-04-29,336.880438
2024-04-30,289.151136
2024-05-01,254.528608
2024-05-02,291.539191
2024-05-03,323.520637
2024-05-04,284.338007
2024-05-05,254.864246
2024-05-06,292.883027
2024-05-07,294.688196
2024-05-08,282.580929
2024-05-09,250.889891
2024-05-10,227.514016
2024-05-11,188.697365
2024-05-12,179.952355
2024-05-13,212.252168
2024-05-14,219.011132
2024-05-15,224.083736
2024-05-16,234.245946
2024-05-17,222.149103
2024-05-18,193.464699
2024-05-19,189.153723
2024-05-20,211.284355
2024-05-21,235.833864
2024-05-22,236.226009
2024-05-23,245.017271
2024-05-24,245.132491
2024-05-25,195.391299
2024-05-26,192.38715
2024-05-27,225.94934
2024-05-28,238.955614
2024-05-29,231.099481
2024-05-30,233.013444
2024-05-31,242.149848
2024-06-01,207.244366
2024-06-02,196.099705
2024-06-03,226.906453
2024-06-04,219.787598
2024-06-05,229.291322
2024-06-06,231.907058
2024-06-07,215.047532
2024-06-08,184.946284
2024-06-09,193.853047
2024-06-10,241.504934
2024-06-11,256.003724
2024-06-12,263.345343
2024-06-13,250.964518
2024-06-14,230.803266
2024-06-15,199.107852
2024-06-16,187.51302
2024-06-17,211.203928
2024-06-18,208.243766
2024-06-19,206.29574
2024-06-20,197.607281
2024-06-21,189.086175
2024-06-22,161.923753
2024-06-23,161.733343
2024-06-24,185.862497
2024-06-25,186.542626
2024-06-26,177.512513
2024-06-27,178.370147
2024-06-28,176.302009
2024-06-29,150.601092
2024-06-30,149.616631
2024-07-01,189.0164
2024-07-02,195.595336
2024-07-03,208.440471
2024-07-04,201.879285
2024-07-05,192.715876
2024-07-06,161.500866
2024-07-07,170.804516
2024-07-08,192.752123
2024-07-09,183.785831
2024-07-10,181.350232
2024-07-11,186.493577
2024-07-12,182.377359
2024-07-13,164.470832
2024-07-14,161.296687
2024-07-15,181.650444
2024-07-16,190.932366
2024-07-17,180.015414
2024-07-18,175.848173
2024-07-19,156.905082
2024-07-20,133.585302
2024-07-21,138.903756
2024-07-22,167.390031
2024-07-23,174.390611
2024-07-24,173.871054
2024-07-25,172.466173
2024-07-26,168.058559
2024-07-27,142.568579
2024-07-28,135.709973
2024-07-29,159.750944
2024-07-30,164.321863
2024-07-31,160.459692
2024-08-01,159.317828
2024-08-02,150.061915
2024-08-03,130.61833
2024-08-04,130.333413
2024-08-05,150.581079
2024-08-06,147.625152
2024-08-07,153.116751
2024-08-08,153.440587
2024-08-09,149.393373
2024-08-10,136.008404
2024-08-11,125.777064
2024-08-12,142.55197
2024-08-13,147.973205
2024-08-14,147.258715
2024-08-15,135.306815
2024-08-16,143.584781
2024-08-17,134.14567
2024-08-18,134.818713
2024-08-19,160.089004
2024-08-20,160.691127
2024-08-21,163.478555
2024-08-22,169.506789
2024-08-23,159.676525
2024-08-24,144.094799
2024-08-25,148.044333
2024-08-26,175.440776
2024-08-27,181.030612
2024-08-28,177.06709
2024-08-29,175.629474
2024-08-30,161.745236
2024-08-31,140.399591
2024-09-01,140.323511
2024-09-02,173.431829
2024-09-03,178.419181
2024-09-04,186.543865
2024-09-05,186.303238
2024-09-06,174.298026
2024-09-07,147.842734
2024-09-08,144.320797
2024-09-09,189.913215
2024-09-10,205.630015
2024-09-11,237.241106
2024-09-12,271.023908
2024-09-13,275.019406
2024-09-14,238.012279
2024-09-15,232.117546
2024-09-16,252.105391
2024-09-17,235.295096
2024-09-18,222.920241
2024-09-19,214.678192
2024-09-20,209.667028
2024-09-21,184.819575
2024-09-22,186.525707
2024-09-23,222.907968
2024-09-24,240.83082
2024-09-25,251.919961
2024-09-26,251.217598
2024-09-27,280.392728
2024-09-28,282.34301
2024-09-29,300.482657
2024-09-30,323.117284
2024-10-01,332.940366
2024-10-02,334.058529
2024-10-03,342.096929
2024-10-04,356.305977
2024-10-05,315.989102
2024-10-06,311.032767
2024-10-07,307.257032
2024-10-08,294.523119
2024-10-09,309.890511
2024-10-10,352.571014
2024-10-11,390.962623
2024-10-12,365.786108
2024-10-13,382.31691
2024-10-14,432.672815
2024-10-15,390.68197
2024-10-16,336.920867
2024-10-17,312.121274
2024-10-18,319.988878
2024-10-19,285.237954
2024-10-20,282.782465
2024-10-21,330.924331
2024-10-22,344.025636
2024-10-23,364.575249
2024-10-24,362.09101
2024-10-25,344.540855
2024-10-26,311.545751
2024-10-27,316.006336
2024-10-28,354.742048
2024-10-29,365.218981
2024-10-30,379.319934
2024-10-31,381.860476
2024-11-01,382.06064
2024-11-02,385.550114
2024-11-03,421.438491
2024-11-04,507.019937
2024-11-05,527.205149
2024-11-06,527.652221
2024-11-07,543.572478
2024-11-08,575.868952
2024-11-09,525.735427
2024-11-10,509.941556
2024-11-11,564.161052
2024-11-12,618.678511
2024-11-13,642.030857
2024-11-14,621.104284
2024-11-15,627.699464
2024-11-16,595.978802
2024-11-17,610.766882
2024-11-18,692.159636
2024-11-19,724.769068
2024-11-20,800.701474
2024-11-21,869.246972
2024-11-22,861.002702
2024-11-23,742.710314
2024-11-24,557.963095
2024-11-25,625.548258
2024-11-26,664.145965
2024-11-27,685.091817
2024-11-28,721.20362
2024-11-29,727.264101
2024-11-30,676.365783
2024-12-01,653.720405
2024-12-02,715.415283
2024-12-03,778.122905
2024-12-04,799.222112
2024-12-05,752.778775
2024-12-06,742.759326
2024-12-07,713.614815
2024-12-08,723.008285
2024-12-09,818.806631
2024-12-10,846.855067
2024-12-11,866.470255
2024-12-12,879.710869
2024-12-13,893.086765
2024-12-14,782.954985
2024-12-15,706.917233
2024-12-16,722.80338
2024-12-17,717.527483
2024-12-18,655.772231
2024-12-19,710.917896
2024-12-20,743.141984
2024-12-21,673.837984
2024-12-22,724.969119
2024-12-23,762.288014
2024-12-24,692.535202
2024-12-25,638.478972
2024-12-26,681.315459
2024-12-27,767.15696
2024-12-28,779.6512
2024-12-29,766.06181
2024-12-30,777.637768
2024-12-31,772.274204
2025-01-01,715.363445
2025-01-02,831.262576
2025-01-03,887.000599
2025-01-04,872.51645
2025-01-05,773.220549
2025-01-06,774.464093
2025-01-07,854.900442
2025-01-08,893.785184
2025-01-09,904.284821
2025-01-10,922.60584
2025-01-11,909.621494
2025-01-12,904.581659
2025-01-13,984.759287
2025-01-14,964.777743
2025-01-15,901.312
2025-01-16,898.882719
2025-01-17,921.348261
2025-01-18,894.496297
2025-01-19,899.62881
2025-01-20,972.967336
2025-01-21,945.507654
2025-01-22,906.110573
2025-01-23,843.789277
2025-01-24,776.176955
2025-01-25,705.281707
2025-01-26,724.008451
2025-01-27,722.024616
2025-01-28,715.803548
2025-01-29,731.163626
2025-01-30,782.163059
2025-01-31,814.343954
2025-02-01,777.954226
2025-02-02,792.531512
2025-02-03,860.560963
2025-02-04,860.952027
2025-02-05,853.289275
2025-02-06,859.091557
2025-02-07,884.651579
2025-02-08,810.52704
2025-02-09,786.251755
2025-02-10,865.49093
2025-02-11,854.539489
2025-02-12,827.907028
2025-02-13,861.821756
2025-02-14,887.202839
2025-02-15,850.329112
2025-02-16,858.839722
2025-02-17,937.031627
2025-02-18,934.451327
2025-02-19,900.331662
2025-02-20,761.227652
2025-02-21,632.978154
2025-02-22,575.931202
2025-02-23,573.05881
2025-02-24,603.608916
2025-02-25,635.277943
2025-02-26,679.550157
2025-02-27,697.188755
2025-02-28,715.879591
2025-03-01,692.412914
2025-03-02,674.272726
2025-03-03,710.316923
2025-03-04,671.899331
2025-03-05,619.48563
2025-03-06,565.106914
2025-03-07,507.331153
2025-03-08,444.408176
2025-03-09,443.077572
2025-03-10,524.637066
2025-03-11,590.641673
2025-03-12,641.771318
2025-03-13,694.122844
2025-03-14,696.260548
2025-03-15,657.438948
2025-03-16,635.59344
2025-03-17,698.201318
2025-03-18,681.738834
2025-03-19,616.036641
2025-03-20,518.208577
2025-03-21,460.448608
2025-03-22,400.094544
2025-03-23,421.963595
2025-03-24,463.496811
2025-03-25,481.534866
2025-03-26,471.140666
2025-03-27,466.436368
2025-03-28,480.998864
2025-03-29,446.469322
2025-03-30,418.055871
2025-03-31,460.937353
2025-04-01,460.111486
2025-04-02,435.552128
2025-04-03,382.048841
2025-04-04,331.626346
2025-04-05,317.968344
2025-04-06,370.329475
2025-04-07,451.607263
2025-04-08,438.03292
2025-04-09,433.674469
2025-04-10,405.447276
2025-04-11,349.472471
2025-04-12,279.007674
2025-04-13,281.992507
2025-04-14,329.051453
2025-04-15,333.030963
2025-04-16,362.532991
2025-04-17,375.854541
2025-04-18,368.334125
2025-04-19,332.522928
2025-04-20,316.86605
2025-04-21,325.688821
2025-04-22,327.760227
2025-04-23,345.618057
2025-04-24,337.160375
2025-04-25,327.492386
2025-04-26,283.345117
2025-04-27,250.885578
2025-04-28,256.663482
2025-04-29,233.370021
2025-04-30,218.447333
2025-05-01,178.56857
2025-05-02,182.637486
2025-05-03,181.602838
2025-05-04,223.454775
2025-05-05,300.665282
2025-05-06,318.028156
2025-05-07,313.124909
2025-05-08,300.729976
2025-05-09,272.262767
2025-05-10,218.637868
2025-05-11,197.527366
2025-05-12,224.623434
2025-05-13,221.518808
2025-05-14,224.284691
2025-05-15,247.830662
2025-05-16,235.958692
2025-05-17,210.847566
2025-05-18,208.388378
2025-05-19,226.731503
2025-05-20,221.353163
2025-05-21,219.942034
2025-05-22,256.349087
2025-05-23,246.384321
2025-05-24,205.397349
2025-05-25,198.559988
2025-05-26,225.11349
2025-05-27,238.929007
2025-05-28,224.913993
2025-05-29,197.072958
2025-05-30,190.106118
2025-05-31,157.583337
2025-06-01,158.052828
2025-06-02,186.964541
2025-06-03,197.425254
2025-06-04,203.070196
2025-06-05,213.928236
2025-06-06,203.934936
2025-06-07,188.762386
2025-06-08,187.341849
2025-06-09,210.783985
2025-06-10,216.581174
2025-06-11,204.144735
2025-06-12,191.486802
2025-06-13,173.54455
2025-06-14,145.333975
2025-06-15,141.686086
2025-06-16,179.276836
2025-06-17,180.98439
2025-06-18,179.131722
2025-06-19,172.418916
2025-06-20,164.894956
2025-06-21,138.683632
2025-06-22,129.210274
2025-06-23,163.845094
2025-06-24,172.022262
2025-06-25,177.366598
2025-06-26,170.460715
2025-06-27,166.061439
2025-06-28,135.727127
2025-06-29,138.821091
2025-06-30,169.504421
2025-07-01,166.568121
2025-07-02,165.620754
2025-07-03,166.59824
2025-07-04,157.492154
2025-07-05,133.566899
2025-07-06,144.10252
2025-07-07,175.066166
2025-07-08,188.65752
2025-07-09,192.828596
2025-07-10,195.726992
2025-07-11,166.404414
2025-07-12,134.755667
2025-07-13,133.709769
2025-07-14,154.021682
2025-07-15,167.670846
2025-07-16,175.938569
2025-07-17,169.323665
2025-07-18,166.855502
2025-07-19,136.933265
2025-07-20,139.316501
2025-07-21,167.244485
2025-07-22,170.92462
2025-07-23,173.998117
2025-07-24,174.59866
2025-07-25,164.70224
2025-07-26,140.475923
2025-07-27,139.85149
2025-07-28,167.455074
2025-07-29,169.947919
2025-07-30,171.180834
2025-07-31,171.755589
2025-08-01,164.238242
2025-08-02,143.347137
2025-08-03,139.429068
2025-08-04,157.749353
2025-08-05,160.856825
2025-08-06,163.831742
2025-08-07,155.192849
2025-08-08,148.531637
2025-08-09,122.383622
2025-08-10,129.368189
2025-08-11,140.34564
2025-08-12,145.012055
2025-08-13,142.643312
2025-08-14,0.0
2025-08-15,0.0
2025-08-16,0.0
2025-08-17,0.0
2025-08-18,0.0
2025-08-19,0.0
2025-08-20,0.0
2025-08-21,0.0
2025-08-22,0.0
2025-08-23,0.0
2025-08-24,0.0
2025-08-25,0.0
2025-08-26,0.0
2025-08-27,0.0
2025-08-28,0.0
2025-08-29,0.0
2025-08-30,0.0
2025-08-31,0.0
2025-09-01,0.0
2025-09-02,0.0
2025-09-03,0.0
2025-09-04,0.0
2025-09-05,0.0
2025-09-06,0.0
2025-09-07,0.0
2025-09-08,0.0
2025-09-09,0.0
2025-09-10,0.0
2025-09-11,0.0
2025-09-12,0.0
2025-09-13,0.0
2025-09-14,0.0
2025-09-15,0.0
2025-09-16,0.0
2025-09-17,0.0
2025-09-18,0.0
2025-09-19,0.0
2025-09-20,0.0
2025-09-21,0.0
2025-09-22,0.0
2025-09-23,0.0
2025-09-24,0.0
2025-09-25,0.0
2025-09-26,0.0
2025-09-27,0.0
2025-09-28,0.0
2025-09-29,0.0
2025-09-30,0.0
2025-10-01,0.0
2025-10-02,0.0
2025-10-03,0.0
2025-10-04,0.0
2025-10-05,0.0
2025-10-06,0.0
2025-10-07,0.0
2025-10-08,0.0
2025-10-09,0.0
2025-10-10,0.0
2025-10-11,0.0
2025-10-12,0.0
2025-10-13,0.0
2025-10-14,0.0
2025-10-15,0.0
2025-10-16,0.0
2025-10-17,0.0
2025-10-18,0.0
2025-10-19,0.0
2025-10-20,0.0
2025-10-21,0.0
2025-10-22,0.0
2025-10-23,0.0
2025-10-24,0.0
2025-10-25,0.0
2025-10-26,0.0
2025-10-27,0.0
2025-10-28,0.0
2025-10-29,0.0
2025-10-30,0.0
2025-10-31,0.0
2025-11-01,0.0
2025-11-02,0.0
2025-11-03,0.0
2025-11-04,0.0
2025-11-05,0.0
2025-11-06,0.0
2025-11-07,0.0
2025-11-08,0.0
2025-11-09,0.0
2025-11-10,0.0
2025-11-11,0.0
2025-11-12,0.0
2025-11-13,0.0
2025-11-14,0.0
2025-11-15,0.0
2025-11-16,0.0
2025-11-17,0.0
2025-11-18,0.0
2025-11-19,0.0
2025-11-20,0.0
2025-11-21,0.0
2025-11-22,0.0
2025-11-23,0.0
2025-11-24,0.0
2025-11-25,0.0
2025-11-26,0.0
2025-11-27,0.0
2025-11-28,0.0
2025-11-29,0.0
2025-11-30,0.0
2025-12-01,0.0
2025-12-02,0.0
2025-12-03,0.0
2025-12-04,0.0
2025-12-05,0.0
2025-12-06,0.0
2025-12-07,0.0
2025-12-08,0.0
2025-12-09,0.0
2025-12-10,0.0
2025-12-11,0.0
2025-12-12,0.0
2025-12-13,0.0
2025-12-14,0.0
2025-12-15,0.0
2025-12-16,0.0
2025-12-17,0.0
2025-12-18,0.0
2025-12-19,0.0
2025-12-20,0.0
2025-12-21,0.0
2025-12-22,0.0
2025-12-23,0.0
2025-12-24,0.0
2025-12-25,0.0
2025-12-26,0.0
2025-12-27,0.0
2025-12-28,0.0
2025-12-29,0.0
2025-12-30,0.0
2025-12-31,0.0
