Date,Total_Industrial_Demand
2016-10-03,240.699536
2016-10-04,268.258408
2016-10-05,275.515965
2016-10-06,281.990503
2016-10-07,277.612643
2016-10-08,249.882081
2016-10-09,250.545048
2016-10-10,293.910565
2016-10-11,300.131135
2016-10-12,302.692223
2016-10-13,296.370767
2016-10-14,286.794264
2016-10-15,254.275869
2016-10-16,249.557222
2016-10-17,291.578407
2016-10-18,296.964149
2016-10-19,306.133441
2016-10-20,312.578713
2016-10-21,301.974598
2016-10-22,264.398633
2016-10-23,257.702222
2016-10-24,300.156634
2016-10-25,309.50981
2016-10-26,305.403065
2016-10-27,295.588652
2016-10-28,289.489914
2016-10-29,266.438312
2016-10-30,266.435122
2016-10-31,288.787803
2016-11-01,284.878447
2016-11-02,316.278195
2016-11-03,325.564161
2016-11-04,316.733991
2016-11-05,276.990584
2016-11-06,280.274695
2016-11-07,339.303805
2016-11-08,349.746551
2016-11-09,346.12719
2016-11-10,343.714954
2016-11-11,331.337894
2016-11-12,302.920197
2016-11-13,310.173914
2016-11-14,348.575176
2016-11-15,338.784146
2016-11-16,320.289168
2016-11-17,310.525769
2016-11-18,308.659143
2016-11-19,279.888933
2016-11-20,265.941594
2016-11-21,304.721408
2016-11-22,314.480303
2016-11-23,315.079292
2016-11-24,320.281651
2016-11-25,324.046669
2016-11-26,295.677681
2016-11-27,294.745043
2016-11-28,357.493954
2016-11-29,363.539765
2016-11-30,354.064679
2016-12-01,339.153238
2016-12-02,342.298903
2016-12-03,320.480375
2016-12-04,321.102115
2016-12-05,366.652482
2016-12-06,365.431544
2016-12-07,348.475605
2016-12-08,331.360067
2016-12-09,322.182348
2016-12-10,285.423557
2016-12-11,281.741213
2016-12-12,337.413922
2016-12-13,345.342965
2016-12-14,336.349442
2016-12-15,339.493639
2016-12-16,344.401161
2016-12-17,306.48946
2016-12-18,307.254264
2016-12-19,341.02456
2016-12-20,346.78167
2016-12-21,336.733901
2016-12-22,322.401455
2016-12-23,286.529806
2016-12-24,228.521245
2016-12-25,213.717691
2016-12-26,229.733699
2016-12-27,275.036677
2016-12-28,288.102695
2016-12-29,292.740735
2016-12-30,292.667974
2016-12-31,269.254914
2017-01-01,268.615654
2017-01-02,321.059922
2017-01-03,326.340111
2017-01-04,334.135292
2017-01-05,361.337119
2017-01-06,355.821563
2017-01-07,330.303024
2017-01-08,320.538993
2017-01-09,354.991704
2017-01-10,353.188067
2017-01-11,337.120554
2017-01-12,340.040911
2017-01-13,337.696639
2017-01-14,306.939355
2017-01-15,322.946473
2017-01-16,378.711671
2017-01-17,386.045557
2017-01-18,386.79821
2017-01-19,384.493443
2017-01-20,371.472587
2017-01-21,333.447556
2017-01-22,333.279741
2017-01-23,387.215511
2017-01-24,385.679475
2017-01-25,388.49833
2017-01-26,375.60438
2017-01-27,358.717881
2017-01-28,309.815659
2017-01-29,306.761914
2017-01-30,346.619445
2017-01-31,352.70599
2017-02-01,342.102909
2017-02-02,326.953137
2017-02-03,318.509571
2017-02-04,282.520338
2017-02-05,286.514887
2017-02-06,337.901916
2017-02-07,341.242469
2017-02-08,356.446222
2017-02-09,358.183341
2017-02-10,354.43449
2017-02-11,303.879523
2017-02-12,300.21569
2017-02-13,339.490115
2017-02-14,343.483923
2017-02-15,334.333889
2017-02-16,317.652056
2017-02-17,323.501506
2017-02-18,288.193777
2017-02-19,275.750737
2017-02-20,306.672725
2017-02-21,302.820266
2017-02-22,295.747121
2017-02-23,300.309489
2017-02-24,315.095434
2017-02-25,271.097159
2017-02-26,255.948239
2017-02-27,291.061256
2017-02-28,307.68798
2017-03-01,308.781329
2017-03-02,308.473106
2017-03-03,297.531728
2017-03-04,257.964133
2017-03-05,263.426159
2017-03-06,321.728861
2017-03-07,322.944713
2017-03-08,316.086724
2017-03-09,306.457453
2017-03-10,304.630977
2017-03-11,262.413675
2017-03-12,264.241517
2017-03-13,314.358543
2017-03-14,304.454731
2017-03-15,304.840533
2017-03-16,292.469037
2017-03-17,282.58847
2017-03-18,253.005236
2017-03-19,243.297773
2017-03-20,281.185527
2017-03-21,294.27168
2017-03-22,301.622565
2017-03-23,294.600977
2017-03-24,284.929215
2017-03-25,234.97147
2017-03-26,245.428356
2017-03-27,291.681433
2017-03-28,280.042401
2017-03-29,280.129145
2017-03-30,269.855256
2017-03-31,256.865108
2017-04-01,227.330858
2017-04-02,225.953944
2017-04-03,273.554969
2017-04-04,275.123025
2017-04-05,275.193154
2017-04-06,283.741908
2017-04-07,276.600646
2017-04-08,235.20777
2017-04-09,225.066644
2017-04-10,266.203311
2017-04-11,275.876303
2017-04-12,272.608032
2017-04-13,271.876815
2017-04-14,248.422738
2017-04-15,223.804343
2017-04-16,219.945223
2017-04-17,236.019257
2017-04-18,296.150266
2017-04-19,311.300781
2017-04-20,298.423789
2017-04-21,276.996125
2017-04-22,247.067263
2017-04-23,244.656114
2017-04-24,272.433725
2017-04-25,285.413089
2017-04-26,299.78907
2017-04-27,296.445865
2017-04-28,286.588895
2017-04-29,246.464297
2017-04-30,218.772957
2017-05-01,240.164812
2017-05-02,283.732818
2017-05-03,277.701837
2017-05-04,276.33149
2017-05-05,274.307555
2017-05-06,227.509182
2017-05-07,223.036676
2017-05-08,270.472221
2017-05-09,278.555989
2017-05-10,273.894955
2017-05-11,261.329269
2017-05-12,255.279296
2017-05-13,219.106112
2017-05-14,211.019289
2017-05-15,246.458933
2017-05-16,244.041213
2017-05-17,237.269374
2017-05-18,241.107956
2017-05-19,244.736589
2017-05-20,214.772961
2017-05-21,208.092988
2017-05-22,249.089817
2017-05-23,245.361184
2017-05-24,246.310628
2017-05-25,220.777557
2017-05-26,225.873773
2017-05-27,203.446495
2017-05-28,199.578256
2017-05-29,239.123331
2017-05-30,239.260516
2017-05-31,244.969992
2017-06-01,244.714965
2017-06-02,228.415502
2017-06-03,194.958684
2017-06-04,189.32976
2017-06-05,204.769348
2017-06-06,233.305372
2017-06-07,237.553421
2017-06-08,239.969668
2017-06-09,242.144026
2017-06-10,203.931942
2017-06-11,198.449913
2017-06-12,241.275703
2017-06-13,251.068128
2017-06-14,244.465103
2017-06-15,228.101156
2017-06-16,229.436433
2017-06-17,202.321945
2017-06-18,204.61449
2017-06-19,243.835373
2017-06-20,244.210599
2017-06-21,244.780653
2017-06-22,241.681649
2017-06-23,235.479775
2017-06-24,205.770173
2017-06-25,204.981177
2017-06-26,255.295409
2017-06-27,251.114979
2017-06-28,254.434055
2017-06-29,252.045328
2017-06-30,241.55364
2017-07-01,210.993169
2017-07-02,209.518991
2017-07-03,245.924892
2017-07-04,255.243595
2017-07-05,255.84056
2017-07-06,253.131263
2017-07-07,247.548248
2017-07-08,213.626394
2017-07-09,213.089036
2017-07-10,251.47916
2017-07-11,257.378019
2017-07-12,253.714201
2017-07-13,259.079914
2017-07-14,246.061493
2017-07-15,210.193359
2017-07-16,207.540014
2017-07-17,248.488429
2017-07-18,242.827774
2017-07-19,242.856061
2017-07-20,247.401767
2017-07-21,237.211506
2017-07-22,180.962265
2017-07-23,201.233745
2017-07-24,243.944047
2017-07-25,247.318444
2017-07-26,239.298397
2017-07-27,237.586574
2017-07-28,219.904483
2017-07-29,196.229534
2017-07-30,189.583249
2017-07-31,225.372036
2017-08-01,228.372484
2017-08-02,228.073139
2017-08-03,216.746473
2017-08-04,208.790856
2017-08-05,190.959361
2017-08-06,189.512261
2017-08-07,213.357917
2017-08-08,217.211834
2017-08-09,214.705719
2017-08-10,228.628049
2017-08-11,221.273188
2017-08-12,190.22662
2017-08-13,188.530456
2017-08-14,208.489636
2017-08-15,208.245333
2017-08-16,220.582056
2017-08-17,214.870189
2017-08-18,210.822001
2017-08-19,190.518174
2017-08-20,193.519852
2017-08-21,230.116112
2017-08-22,238.570402
2017-08-23,239.287068
2017-08-24,241.477343
2017-08-25,237.326774
2017-08-26,187.316697
2017-08-27,204.857921
2017-08-28,250.911423
2017-08-29,252.485979
2017-08-30,252.778178
2017-08-31,262.888615
2017-09-01,257.429366
2017-09-02,220.289578
2017-09-03,218.272722
2017-09-04,262.400426
2017-09-05,262.231854
2017-09-06,260.979046
2017-09-07,258.876061
2017-09-08,253.430371
2017-09-09,224.766966
2017-09-10,218.364002
2017-09-11,252.324252
2017-09-12,260.43849
2017-09-13,260.538621
2017-09-14,274.473167
2017-09-15,274.898847
2017-09-16,239.987416
2017-09-17,237.806283
2017-09-18,284.869422
2017-09-19,291.309112
2017-09-20,286.762233
2017-09-21,287.436282
2017-09-22,281.414937
2017-09-23,242.585608
2017-09-24,237.296427
2017-09-25,285.295992
2017-09-26,286.595907
2017-09-27,287.364606
2017-09-28,283.258134
2017-09-29,270.967522
2017-09-30,242.429233
2017-10-01,229.374667
2017-10-02,257.647477
2017-10-03,261.825994
2017-10-04,278.627618
2017-10-05,283.701288
2017-10-06,289.105462
2017-10-07,255.234912
2017-10-08,259.248078
2017-10-09,301.376219
2017-10-10,288.489826
2017-10-11,283.032544
2017-10-12,286.673166
2017-10-13,279.807651
2017-10-14,247.073599
2017-10-15,243.170728
2017-10-16,277.866937
2017-10-17,287.384167
2017-10-18,294.001308
2017-10-19,288.316332
2017-10-20,279.703927
2017-10-21,244.896693
2017-10-22,250.996491
2017-10-23,299.140989
2017-10-24,291.895623
2017-10-25,293.147424
2017-10-26,292.925378
2017-10-27,287.584961
2017-10-28,257.523271
2017-10-29,257.551683
2017-10-30,305.331997
2017-10-31,293.956409
2017-11-01,290.3623
2017-11-02,310.809865
2017-11-03,308.765696
2017-11-04,277.698403
2017-11-05,280.345311
2017-11-06,335.12472
2017-11-07,336.571833
2017-11-08,337.897365
2017-11-09,330.584502
2017-11-10,315.72806
2017-11-11,268.482609
2017-11-12,293.581573
2017-11-13,346.157755
2017-11-14,342.791296
2017-11-15,348.78313
2017-11-16,343.203465
2017-11-17,333.261951
2017-11-18,284.890711
2017-11-19,286.108997
2017-11-20,344.252832
2017-11-21,328.842673
2017-11-22,315.575639
2017-11-23,315.640318
2017-11-24,326.207119
2017-11-25,304.261796
2017-11-26,298.248742
2017-11-27,341.390015
2017-11-28,352.974648
2017-11-29,369.435063
2017-11-30,368.232345
2017-12-01,364.244121
2017-12-02,335.957993
2017-12-03,330.048964
2017-12-04,359.195811
2017-12-05,351.695607
2017-12-06,345.361944
2017-12-07,342.69069
2017-12-08,342.713396
2017-12-09,324.320321
2017-12-10,324.768497
2017-12-11,361.301237
2017-12-12,368.961066
2017-12-13,357.283622
2017-12-14,360.359105
2017-12-15,356.350119
2017-12-16,320.88137
2017-12-17,314.809014
2017-12-18,369.245638
2017-12-19,370.083542
2017-12-20,353.749118
2017-12-21,339.581629
2017-12-22,316.359315
2017-12-23,263.422308
2017-12-24,242.569583
2017-12-25,249.452473
2017-12-26,259.673832
2017-12-27,294.827633
2017-12-28,294.555826
2017-12-29,289.880632
2017-12-30,252.798984
2017-12-31,234.440008
2018-01-01,244.87343
2018-01-02,286.871083
2018-01-03,297.304207
2018-01-04,296.881573
2018-01-05,294.251647
2018-01-06,275.391893
2018-01-07,288.899993
2018-01-08,334.227807
2018-01-09,334.735754
2018-01-10,329.71255
2018-01-11,329.967664
2018-01-12,324.915159
2018-01-13,299.173716
2018-01-14,300.882033
2018-01-15,331.578737
2018-01-16,331.70395
2018-01-17,334.944561
2018-01-18,335.485808
2018-01-19,329.476396
2018-01-20,301.797864
2018-01-21,306.680026
2018-01-22,329.374988
2018-01-23,312.867431
2018-01-24,304.335647
2018-01-25,311.134369
2018-01-26,314.968066
2018-01-27,278.590552
2018-01-28,274.697999
2018-01-29,312.532348
2018-01-30,321.459838
2018-01-31,318.64215
2018-02-01,328.429796
2018-02-02,321.090886
2018-02-03,293.24989
2018-02-04,300.843276
2018-02-05,354.733169
2018-02-06,358.030907
2018-02-07,357.23131
2018-02-08,349.311645
2018-02-09,341.326702
2018-02-10,293.012168
2018-02-11,290.194495
2018-02-12,334.759592
2018-02-13,340.830147
2018-02-14,333.675419
2018-02-15,334.98063
2018-02-16,321.986059
2018-02-17,293.450083
2018-02-18,296.975181
2018-02-19,345.797079
2018-02-20,344.907604
2018-02-21,345.907053
2018-02-22,348.638752
2018-02-23,342.054532
2018-02-24,308.230632
2018-02-25,317.462734
2018-02-26,370.72748
2018-02-27,373.417443
2018-02-28,372.772971
2018-03-01,359.923173
2018-03-02,347.802626
2018-03-03,304.300649
2018-03-04,284.181522
2018-03-05,306.94704
2018-03-06,310.640763
2018-03-07,309.097551
2018-03-08,311.637827
2018-03-09,299.185794
2018-03-10,251.530271
2018-03-11,246.187812
2018-03-12,282.867769
2018-03-13,301.8235
2018-03-14,294.491188
2018-03-15,297.499691
2018-03-16,303.604535
2018-03-17,292.68626
2018-03-18,303.025583
2018-03-19,336.906047
2018-03-20,333.351034
2018-03-21,324.02066
2018-03-22,324.62643
2018-03-23,305.922315
2018-03-24,260.42303
2018-03-25,269.158296
2018-03-26,305.623576
2018-03-27,298.348431
2018-03-28,302.463496
2018-03-29,299.818941
2018-03-30,267.168637
2018-03-31,253.557774
2018-04-01,242.579362
2018-04-02,238.522956
2018-04-03,262.877039
2018-04-04,262.347811
2018-04-05,280.20897
2018-04-06,272.944898
2018-04-07,232.867109
2018-04-08,221.019547
2018-04-09,251.692714
2018-04-10,270.887666
2018-04-11,270.803496
2018-04-12,259.83688
2018-04-13,256.756527
2018-04-14,221.416705
2018-04-15,215.970408
2018-04-16,248.430016
2018-04-17,240.178431
2018-04-18,235.158894
2018-04-19,233.448604
2018-04-20,228.86976
2018-04-21,205.229118
2018-04-22,202.950665
2018-04-23,239.827096
2018-04-24,242.582147
2018-04-25,237.645024
2018-04-26,254.612631
2018-04-27,242.270984
2018-04-28,214.904854
2018-04-29,209.88529
2018-04-30,228.471338
2018-05-01,221.00872
2018-05-02,250.456871
2018-05-03,255.098556
2018-05-04,242.71283
2018-05-05,210.09942
2018-05-06,202.738317
2018-05-07,232.846556
2018-05-08,235.280891
2018-05-09,234.353488
2018-05-10,214.548235
2018-05-11,221.54874
2018-05-12,200.218074
2018-05-13,202.682361
2018-05-14,229.974124
2018-05-15,230.703517
2018-05-16,235.915471
2018-05-17,239.35748
2018-05-18,243.608494
2018-05-19,212.142821
2018-05-20,196.428421
2018-05-21,206.700024
2018-05-22,233.63971
2018-05-23,238.397153
2018-05-24,240.18077
2018-05-25,238.087995
2018-05-26,200.138746
2018-05-27,198.594154
2018-05-28,233.088042
2018-05-29,237.563705
2018-05-30,235.987598
2018-05-31,229.203384
2018-06-01,231.268386
2018-06-02,205.658353
2018-06-03,203.88845
2018-06-04,248.363169
2018-06-05,253.923389
2018-06-06,237.976027
2018-06-07,239.860318
2018-06-08,232.709791
2018-06-09,206.771221
2018-06-10,202.196189
2018-06-11,233.265246
2018-06-12,238.631744
2018-06-13,237.373027
2018-06-14,236.981163
2018-06-15,233.550463
2018-06-16,204.463637
2018-06-17,208.328407
2018-06-18,245.805307
2018-06-19,242.523514
2018-06-20,235.731791
2018-06-21,239.016387
2018-06-22,236.330468
2018-06-23,210.528712
2018-06-24,211.034775
2018-06-25,244.59462
2018-06-26,240.314115
2018-06-27,238.4897
2018-06-28,236.674897
2018-06-29,235.799
2018-06-30,206.077842
2018-07-01,203.23715
2018-07-02,237.476174
2018-07-03,240.956037
2018-07-04,242.356104
2018-07-05,240.941386
2018-07-06,250.877856
2018-07-07,214.260671
2018-07-08,204.089434
2018-07-09,241.468569
2018-07-10,242.21445
2018-07-11,238.335499
2018-07-12,237.051019
2018-07-13,228.141609
2018-07-14,203.618318
2018-07-15,200.967258
2018-07-16,229.870932
2018-07-17,229.252226
2018-07-18,231.10889
2018-07-19,235.171885
2018-07-20,229.868106
2018-07-21,203.18439
2018-07-22,204.43121
2018-07-23,229.427069
2018-07-24,226.513574
2018-07-25,228.149924
2018-07-26,224.403359
2018-07-27,217.161272
2018-07-28,199.426912
2018-07-29,195.953587
2018-07-30,237.124843
2018-07-31,225.025909
2018-08-01,240.241737
2018-08-02,238.092968
2018-08-03,230.188378
2018-08-04,204.82609
2018-08-05,193.351452
2018-08-06,215.281376
2018-08-07,208.992761
2018-08-08,212.130552
2018-08-09,210.60738
2018-08-10,209.656005
2018-08-11,190.372117
2018-08-12,187.117862
2018-08-13,208.528062
2018-08-14,205.994446
2018-08-15,201.097951
2018-08-16,207.975427
2018-08-17,205.785342
2018-08-18,191.862929
2018-08-19,200.314674
2018-08-20,245.084975
2018-08-21,224.663646
2018-08-22,243.471246
2018-08-23,244.189507
2018-08-24,236.2171
2018-08-25,208.013152
2018-08-26,203.591976
2018-08-27,235.191951
2018-08-28,258.902894
2018-08-29,256.703966
2018-08-30,249.67244
2018-08-31,240.665995
2018-09-01,212.033472
2018-09-02,210.671304
2018-09-03,246.500051
2018-09-04,249.364356
2018-09-05,247.908538
2018-09-06,247.167667
2018-09-07,236.952915
2018-09-08,215.163136
2018-09-09,208.78378
2018-09-10,240.163892
2018-09-11,242.663879
2018-09-12,249.127978
2018-09-13,246.48806
2018-09-14,238.100956
2018-09-15,215.215271
2018-09-16,210.909978
2018-09-17,237.644654
2018-09-18,236.367173
2018-09-19,234.085833
2018-09-20,233.749981
2018-09-21,233.496243
2018-09-22,219.757855
2018-09-23,217.646442
2018-09-24,262.31782
2018-09-25,267.340514
2018-09-26,262.30248
2018-09-27,259.771895
2018-09-28,262.369855
2018-09-29,238.444892
2018-09-30,233.49872
2018-10-01,267.910332
2018-10-02,269.28042
2018-10-03,263.555829
2018-10-04,270.447748
2018-10-05,259.779676
2018-10-06,222.266418
2018-10-07,229.220113
2018-10-08,267.22028
2018-10-09,263.697494
2018-10-10,255.82141
2018-10-11,254.907733
2018-10-12,247.428845
2018-10-13,219.907731
2018-10-14,222.891369
2018-10-15,261.241512
2018-10-16,260.998003
2018-10-17,262.149438
2018-10-18,267.078484
2018-10-19,264.347492
2018-10-20,231.459214
2018-10-21,233.019385
2018-10-22,270.630563
2018-10-23,274.210573
2018-10-24,275.140719
2018-10-25,277.999444
2018-10-26,271.05655
2018-10-27,264.632737
2018-10-28,262.544327
2018-10-29,292.747952
2018-10-30,289.566962
2018-10-31,283.896491
2018-11-01,266.285197
2018-11-02,282.334252
2018-11-03,261.758145
2018-11-04,255.538541
2018-11-05,284.345192
2018-11-06,281.483485
2018-11-07,286.762639
2018-11-08,287.439091
2018-11-09,276.855115
2018-11-10,251.325423
2018-11-11,247.098531
2018-11-12,279.340653
2018-11-13,289.211366
2018-11-14,300.518355
2018-11-15,305.989284
2018-11-16,302.912013
2018-11-17,283.215957
2018-11-18,283.130771
2018-11-19,326.180149
2018-11-20,339.43791
2018-11-21,344.238807
2018-11-22,335.856566
2018-11-23,321.435596
2018-11-24,286.022138
2018-11-25,285.780255
2018-11-26,328.482333
2018-11-27,327.752856
2018-11-28,323.256112
2018-11-29,322.147848
2018-11-30,311.50341
2018-12-01,271.737862
2018-12-02,262.892575
2018-12-03,298.41271
2018-12-04,326.579226
2018-12-05,319.274504
2018-12-06,303.255181
2018-12-07,294.243563
2018-12-08,273.545351
2018-12-09,280.956134
2018-12-10,330.54344
2018-12-11,341.855976
2018-12-12,342.87999
2018-12-13,348.63103
2018-12-14,344.753146
2018-12-15,315.404001
2018-12-16,316.728098
2018-12-17,331.951084
2018-12-18,327.302757
2018-12-19,317.987469
2018-12-20,305.412697
2018-12-21,282.681948
2018-12-22,258.022015
2018-12-23,249.434197
2018-12-24,252.606202
2018-12-25,250.244538
2018-12-26,262.176106
2018-12-27,278.477222
2018-12-28,274.469572
2018-12-29,254.817597
2018-12-30,253.631033
2018-12-31,245.275954
2019-01-01,251.723914
2019-01-02,310.111325
2019-01-03,319.468735
2019-01-04,312.364042
2019-01-05,288.246768
2019-01-06,286.87466
2019-01-07,317.062715
2019-01-08,323.220491
2019-01-09,342.897314
2019-01-10,345.549346
2019-01-11,323.973252
2019-01-12,287.141827
2019-01-13,283.199867
2019-01-14,337.735486
2019-01-15,326.630041
2019-01-16,324.381265
2019-01-17,332.516741
2019-01-18,341.170192
2019-01-19,319.138726
2019-01-20,321.177692
2019-01-21,364.727668
2019-01-22,366.162689
2019-01-23,369.96285
2019-01-24,369.359074
2019-01-25,341.300923
2019-01-26,295.133124
2019-01-27,295.039964
2019-01-28,340.579197
2019-01-29,348.303426
2019-01-30,351.817983
2019-01-31,347.490002
2019-02-01,337.448906
2019-02-02,306.045804
2019-02-03,305.147364
2019-02-04,340.231222
2019-02-05,345.301647
2019-02-06,337.872186
2019-02-07,330.367993
2019-02-08,311.668897
2019-02-09,281.035024
2019-02-10,286.043146
2019-02-11,344.515855
2019-02-12,336.659883
2019-02-13,327.650048
2019-02-14,324.185284
2019-02-15,308.67446
2019-02-16,277.252335
2019-02-17,269.064936
2019-02-18,310.431658
2019-02-19,308.027236
2019-02-20,308.005784
2019-02-21,306.079933
2019-02-22,304.931601
2019-02-23,279.379537
2019-02-24,278.34996
2019-02-25,311.906088
2019-02-26,308.346083
2019-02-27,297.371985
2019-02-28,299.866387
2019-03-01,304.911197
2019-03-02,262.690388
2019-03-03,256.829601
2019-03-04,298.486806
2019-03-05,309.442814
2019-03-06,296.454987
2019-03-07,294.365156
2019-03-08,295.302014
2019-03-09,255.86446
2019-03-10,261.161654
2019-03-11,316.844923
2019-03-12,308.781409
2019-03-13,312.323721
2019-03-14,313.549397
2019-03-15,289.31555
2019-03-16,254.867311
2019-03-17,264.364987
2019-03-18,319.034369
2019-03-19,319.394871
2019-03-20,309.877125
2019-03-21,299.928147
2019-03-22,285.385495
2019-03-23,252.847958
2019-03-24,249.090747
2019-03-25,300.237484
2019-03-26,312.026347
2019-03-27,305.986362
2019-03-28,298.567553
2019-03-29,281.014876
2019-03-30,238.65312
2019-03-31,247.930281
2019-04-01,279.004055
2019-04-02,277.849419
2019-04-03,286.511428
2019-04-04,275.784901
2019-04-05,279.75598
2019-04-06,236.191145
2019-04-07,230.739942
2019-04-08,266.426944
2019-04-09,269.394888
2019-04-10,276.985853
2019-04-11,285.114058
2019-04-12,294.229691
2019-04-13,262.250321
2019-04-14,261.61928
2019-04-15,285.274052
2019-04-16,276.977467
2019-04-17,268.924858
2019-04-18,250.652439
2019-04-19,226.195195
2019-04-20,204.081701
2019-04-21,190.532743
2019-04-22,198.498476
2019-04-23,239.111912
2019-04-24,240.635822
2019-04-25,240.137059
2019-04-26,244.240183
2019-04-27,220.485411
2019-04-28,233.225974
2019-04-29,271.577866
2019-04-30,263.985052
2019-05-01,230.966054
2019-05-02,272.662744
2019-05-03,268.775391
2019-05-04,247.119389
2019-05-05,244.846349
2019-05-06,288.30303
2019-05-07,281.968241
2019-05-08,274.362079
2019-05-09,276.120561
2019-05-10,268.821577
2019-05-11,233.138079
2019-05-12,235.42948
2019-05-13,271.1402
2019-05-14,280.958644
2019-05-15,277.186632
2019-05-16,276.809912
2019-05-17,264.739464
2019-05-18,225.039765
2019-05-19,221.074597
2019-05-20,263.324283
2019-05-21,271.277275
2019-05-22,270.752895
2019-05-23,270.968212
2019-05-24,256.716754
2019-05-25,223.251058
2019-05-26,209.965408
2019-05-27,262.430865
2019-05-28,264.38202
2019-05-29,256.136114
2019-05-30,226.039708
2019-05-31,235.068704
2019-06-01,210.108969
2019-06-02,200.448064
2019-06-03,244.238987
2019-06-04,239.859662
2019-06-05,238.846244
2019-06-06,253.092227
2019-06-07,234.986946
2019-06-08,209.860817
2019-06-09,202.875976
2019-06-10,221.053474
2019-06-11,248.288791
2019-06-12,246.962848
2019-06-13,246.42903
2019-06-14,233.743869
2019-06-15,210.226489
2019-06-16,212.285471
2019-06-17,236.964193
2019-06-18,231.84395
2019-06-19,233.075177
2019-06-20,228.892062
2019-06-21,230.510761
2019-06-22,211.779775
2019-06-23,203.903032
2019-06-24,235.985206
2019-06-25,240.063421
2019-06-26,234.790252
2019-06-27,236.792491
2019-06-28,232.417945
2019-06-29,202.914723
2019-06-30,200.734284
2019-07-01,235.686636
2019-07-02,243.96466
2019-07-03,243.185572
2019-07-04,240.309776
2019-07-05,230.200333
2019-07-06,209.442832
2019-07-07,210.557036
2019-07-08,245.453195
2019-07-09,248.034946
2019-07-10,247.146525
2019-07-11,244.128665
2019-07-12,234.508566
2019-07-13,218.321108
2019-07-14,217.144488
2019-07-15,243.489338
2019-07-16,246.048555
2019-07-17,249.50723
2019-07-18,245.612467
2019-07-19,234.046924
2019-07-20,208.137714
2019-07-21,211.168082
2019-07-22,233.674522
2019-07-23,230.883025
2019-07-24,228.974096
2019-07-25,222.735469
2019-07-26,220.88851
2019-07-27,205.191485
2019-07-28,209.33703
2019-07-29,230.882836
2019-07-30,228.886519
2019-07-31,229.424107
2019-08-01,230.417186
2019-08-02,218.262057
2019-08-03,200.335729
2019-08-04,195.874731
2019-08-05,214.720987
2019-08-06,212.367949
2019-08-07,214.456899
2019-08-08,215.893409
2019-08-09,194.343181
2019-08-10,183.108256
2019-08-11,188.352208
2019-08-12,222.09248
2019-08-13,220.936792
2019-08-14,219.424323
2019-08-15,207.33082
2019-08-16,200.816367
2019-08-17,183.391791
2019-08-18,186.034501
2019-08-19,221.266358
2019-08-20,225.94686
2019-08-21,229.440741
2019-08-22,227.097386
2019-08-23,219.559306
2019-08-24,197.582136
2019-08-25,198.768898
2019-08-26,231.30575
2019-08-27,230.004619
2019-08-28,234.007413
2019-08-29,236.016034
2019-08-30,228.111817
2019-08-31,203.580432
2019-09-01,206.99217
2019-09-02,243.76606
2019-09-03,247.506731
2019-09-04,241.701737
2019-09-05,249.587713
2019-09-06,244.865107
2019-09-07,227.42099
2019-09-08,226.805044
2019-09-09,259.41385
2019-09-10,260.726102
2019-09-11,255.311762
2019-09-12,247.878067
2019-09-13,242.70628
2019-09-14,209.568623
2019-09-15,213.818439
2019-09-16,251.649262
2019-09-17,250.029056
2019-09-18,264.540971
2019-09-19,265.984386
2019-09-20,256.861631
2019-09-21,223.548836
2019-09-22,220.620856
2019-09-23,258.957607
2019-09-24,257.10786
2019-09-25,260.722857
2019-09-26,251.574437
2019-09-27,240.417413
2019-09-28,213.687329
2019-09-29,220.042342
2019-09-30,261.229506
2019-10-01,255.441519
2019-10-02,257.739743
2019-10-03,253.878929
2019-10-04,253.247241
2019-10-05,234.636521
2019-10-06,238.381867
2019-10-07,271.01811
2019-10-08,263.063116
2019-10-09,269.040037
2019-10-10,268.392794
2019-10-11,260.943583
2019-10-12,235.522677
2019-10-13,223.197548
2019-10-14,255.193314
2019-10-15,259.17545
2019-10-16,268.427875
2019-10-17,267.067416
2019-10-18,255.251998
2019-10-19,237.615917
2019-10-20,237.711398
2019-10-21,269.322526
2019-10-22,273.011352
2019-10-23,271.477575
2019-10-24,265.282809
2019-10-25,253.786546
2019-10-26,234.702005
2019-10-27,251.042925
2019-10-28,286.282414
2019-10-29,288.796348
2019-10-30,295.05712
2019-10-31,288.653857
2019-11-01,259.311165
2019-11-02,240.599012
2019-11-03,249.012883
2019-11-04,285.251133
2019-11-05,291.905745
2019-11-06,297.844663
2019-11-07,300.326939
2019-11-08,298.810646
2019-11-09,274.804474
2019-11-10,278.601436
2019-11-11,310.837703
2019-11-12,315.872907
2019-11-13,321.110727
2019-11-14,314.532411
2019-11-15,312.984766
2019-11-16,280.331865
2019-11-17,285.062528
2019-11-18,317.49318
2019-11-19,337.396923
2019-11-20,339.102581
2019-11-21,328.434122
2019-11-22,307.433943
2019-11-23,284.037261
2019-11-24,284.411608
2019-11-25,318.77889
2019-11-26,307.100333
2019-11-27,302.224952
2019-11-28,313.134004
2019-11-29,320.267276
2019-11-30,294.444749
2019-12-01,298.354091
2019-12-02,339.422905
2019-12-03,335.357427
2019-12-04,339.722472
2019-12-05,332.04416
2019-12-06,314.001927
2019-12-07,273.456074
2019-12-08,263.664429
2019-12-09,325.111795
2019-12-10,330.826851
2019-12-11,338.371938
2019-12-12,324.763255
2019-12-13,320.828986
2019-12-14,277.734619
2019-12-15,276.010178
2019-12-16,313.520587
2019-12-17,302.850027
2019-12-18,304.598741
2019-12-19,286.403241
2019-12-20,272.503819
2019-12-21,256.767043
2019-12-22,251.263523
2019-12-23,253.744427
2019-12-24,233.928078
2019-12-25,236.393658
2019-12-26,249.576357
2019-12-27,267.101114
2019-12-28,260.586289
2019-12-29,258.350756
2019-12-30,275.665415
2019-12-31,270.284976
2020-01-01,246.291147
2020-01-02,302.063055
2020-01-03,293.23164
2020-01-04,287.92397
2020-01-05,285.684752
2020-01-06,309.171093
2020-01-07,317.507248
2020-01-08,322.112463
2020-01-09,304.570521
2020-01-10,316.175852
2020-01-11,285.374351
2020-01-12,294.138801
2020-01-13,321.592955
2020-01-14,311.640152
2020-01-15,321.166013
2020-01-16,319.139
2020-01-17,314.736881
2020-01-18,305.670287
2020-01-19,312.665886
2020-01-20,347.36127
2020-01-21,350.971426
2020-01-22,357.863922
2020-01-23,353.361263
2020-01-24,346.936199
2020-01-25,316.025777
2020-01-26,304.499811
2020-01-27,332.008659
2020-01-28,335.395271
2020-01-29,333.556404
2020-01-30,320.005608
2020-01-31,295.897114
2020-02-01,266.788641
2020-02-02,276.740479
2020-02-03,311.761685
2020-02-04,331.722961
2020-02-05,340.259213
2020-02-06,346.039314
2020-02-07,324.374685
2020-02-08,286.862644
2020-02-09,266.93038
2020-02-10,313.255049
2020-02-11,324.774502
2020-02-12,335.500379
2020-02-13,341.525935
2020-02-14,314.626696
2020-02-15,261.448484
2020-02-16,254.062383
2020-02-17,304.379813
2020-02-18,312.946646
2020-02-19,325.766026
2020-02-20,310.683861
2020-02-21,304.899036
2020-02-22,266.493503
2020-02-23,272.906185
2020-02-24,305.742221
2020-02-25,313.780851
2020-02-26,331.268916
2020-02-27,330.671801
2020-02-28,305.237479
2020-02-29,262.458809
2020-03-01,269.139303
2020-03-02,315.903923
2020-03-03,321.76371
2020-03-04,323.106376
2020-03-05,316.874232
2020-03-06,313.543266
2020-03-07,278.228063
2020-03-08,269.933918
2020-03-09,304.649568
2020-03-10,301.629194
2020-03-11,286.902834
2020-03-12,287.532433
2020-03-13,303.86835
2020-03-14,268.218279
2020-03-15,256.166496
2020-03-16,289.321204
2020-03-17,277.788104
2020-03-18,278.706737
2020-03-19,271.692192
2020-03-20,262.826799
2020-03-21,245.682206
2020-03-22,247.691942
2020-03-23,275.415725
2020-03-24,273.172601
2020-03-25,270.528589
2020-03-26,266.759433
2020-03-27,246.594243
2020-03-28,209.063684
2020-03-29,243.518474
2020-03-30,280.678472
2020-03-31,277.893613
2020-04-01,267.918858
2020-04-02,255.568239
2020-04-03,259.280292
2020-04-04,215.298294
2020-04-05,201.630748
2020-04-06,227.643273
2020-04-07,231.278513
2020-04-08,230.477892
2020-04-09,210.71565
2020-04-10,200.289018
2020-04-11,187.670086
2020-04-12,175.26715
2020-04-13,199.739263
2020-04-14,247.789411
2020-04-15,246.692128
2020-04-16,242.393298
2020-04-17,226.588381
2020-04-18,203.227232
2020-04-19,203.477225
2020-04-20,226.516294
2020-04-21,228.195932
2020-04-22,233.168005
2020-04-23,244.667758
2020-04-24,222.375331
2020-04-25,208.524671
2020-04-26,213.667647
2020-04-27,237.898277
2020-04-28,240.540333
2020-04-29,235.628826
2020-04-30,222.890238
2020-05-01,201.281776
2020-05-02,208.781127
2020-05-03,214.064732
2020-05-04,249.42845
2020-05-05,256.251564
2020-05-06,263.943011
2020-05-07,256.34903
2020-05-08,238.130855
2020-05-09,204.935889
2020-05-10,200.820116
2020-05-11,255.544457
2020-05-12,270.41272
2020-05-13,263.024589
2020-05-14,264.359132
2020-05-15,256.938603
2020-05-16,215.496793
2020-05-17,213.69988
2020-05-18,246.240613
2020-05-19,247.65028
2020-05-20,237.499732
2020-05-21,217.126124
2020-05-22,205.475952
2020-05-23,194.315444
2020-05-24,200.713561
2020-05-25,248.022321
2020-05-26,246.108588
2020-05-27,245.6613
2020-05-28,245.445967
2020-05-29,226.755482
2020-05-30,197.424826
2020-05-31,186.397368
2020-06-01,199.384738
2020-06-02,229.843201
2020-06-03,235.778003
2020-06-04,239.824097
2020-06-05,225.833607
2020-06-06,203.050274
2020-06-07,214.109836
2020-06-08,253.504095
2020-06-09,250.19547
2020-06-10,243.502081
2020-06-11,233.223885
2020-06-12,223.986282
2020-06-13,200.190177
2020-06-14,206.349434
2020-06-15,241.761881
2020-06-16,244.092122
2020-06-17,235.056028
2020-06-18,238.597995
2020-06-19,229.898938
2020-06-20,201.650093
2020-06-21,205.211574
2020-06-22,240.335096
2020-06-23,237.198802
2020-06-24,231.300576
2020-06-25,230.83141
2020-06-26,221.568779
2020-06-27,191.255854
2020-06-28,198.210726
2020-06-29,227.495429
2020-06-30,237.586007
2020-07-01,238.13659
2020-07-02,244.360959
2020-07-03,227.419488
2020-07-04,198.042222
2020-07-05,198.442169
2020-07-06,247.318027
2020-07-07,247.478678
2020-07-08,248.8686
2020-07-09,242.385844
2020-07-10,241.594048
2020-07-11,220.468459
2020-07-12,218.070877
2020-07-13,250.758829
2020-07-14,254.885761
2020-07-15,254.519895
2020-07-16,260.571192
2020-07-17,244.025012
2020-07-18,223.370482
2020-07-19,220.758785
2020-07-20,250.947851
2020-07-21,251.484244
2020-07-22,251.583473
2020-07-23,238.466049
2020-07-24,231.7096
2020-07-25,214.85517
2020-07-26,210.760657
2020-07-27,223.635647
2020-07-28,220.779168
2020-07-29,229.445137
2020-07-30,227.850589
2020-07-31,218.787934
2020-08-01,203.645772
2020-08-02,212.112255
2020-08-03,231.921852
2020-08-04,226.054
2020-08-05,222.056145
2020-08-06,226.112149
2020-08-07,217.252624
2020-08-08,198.8795
2020-08-09,203.273981
2020-08-10,226.652818
2020-08-11,223.683041
2020-08-12,220.13037
2020-08-13,225.817653
2020-08-14,220.978189
2020-08-15,205.096662
2020-08-16,208.705132
2020-08-17,231.019254
2020-08-18,236.379385
2020-08-19,235.734839
2020-08-20,228.890054
2020-08-21,216.323632
2020-08-22,190.103253
2020-08-23,204.769284
2020-08-24,239.52703
2020-08-25,230.636458
2020-08-26,238.905632
2020-08-27,251.398174
2020-08-28,203.381215
2020-08-29,219.253629
2020-08-30,216.424748
2020-08-31,248.789238
2020-09-01,251.970081
2020-09-02,251.588816
2020-09-03,245.086553
2020-09-04,238.933972
2020-09-05,213.962855
2020-09-06,221.058225
2020-09-07,245.749513
2020-09-08,246.793199
2020-09-09,247.098741
2020-09-10,248.882819
2020-09-11,240.580117
2020-09-12,212.978415
2020-09-13,211.051404
2020-09-14,241.950936
2020-09-15,248.84861
2020-09-16,248.269738
2020-09-17,256.125765
2020-09-18,251.988005
2020-09-19,223.961021
2020-09-20,226.626268
2020-09-21,259.323005
2020-09-22,259.141815
2020-09-23,249.55124
2020-09-24,249.890197
2020-09-25,250.236973
2020-09-26,226.883161
2020-09-27,235.405396
2020-09-28,273.100872
2020-09-29,269.635489
2020-09-30,264.994064
2020-10-01,271.198492
2020-10-02,255.612534
2020-10-03,238.359812
2020-10-04,225.670999
2020-10-05,276.57645
2020-10-06,277.103743
2020-10-07,273.307564
2020-10-08,279.288608
2020-10-09,274.06593
2020-10-10,244.549429
2020-10-11,247.871143
2020-10-12,299.878087
2020-10-13,296.394752
2020-10-14,300.945382
2020-10-15,309.353214
2020-10-16,300.529355
2020-10-17,269.786919
2020-10-18,271.837516
2020-10-19,298.89033
2020-10-20,297.677868
2020-10-21,279.877945
2020-10-22,281.911533
2020-10-23,278.538293
2020-10-24,248.248548
2020-10-25,244.569177
2020-10-26,289.989517
2020-10-27,288.616556
2020-10-28,286.286137
2020-10-29,283.311484
2020-10-30,264.696532
2020-10-31,232.716974
2020-11-01,226.227277
2020-11-02,260.611878
2020-11-03,288.124684
2020-11-04,301.377899
2020-11-05,302.134219
2020-11-06,290.824213
2020-11-07,258.639927
2020-11-08,260.040744
2020-11-09,302.166477
2020-11-10,305.437091
2020-11-11,293.06105
2020-11-12,299.380026
2020-11-13,284.04504
2020-11-14,243.459082
2020-11-15,239.213558
2020-11-16,289.649807
2020-11-17,290.946653
2020-11-18,280.958829
2020-11-19,304.666517
2020-11-20,313.324684
2020-11-21,276.275045
2020-11-22,281.090636
2020-11-23,313.387868
2020-11-24,321.643398
2020-11-25,326.651706
2020-11-26,325.080615
2020-11-27,318.735954
2020-11-28,292.197655
2020-11-29,303.159263
2020-11-30,334.028344
2020-12-01,334.194983
2020-12-02,340.999517
2020-12-03,322.734406
2020-12-04,318.867381
2020-12-05,291.932104
2020-12-06,291.063932
2020-12-07,326.023889
2020-12-08,327.768083
2020-12-09,339.829631
2020-12-10,340.870353
2020-12-11,324.742286
2020-12-12,293.826048
2020-12-13,277.393677
2020-12-14,315.42576
2020-12-15,319.051441
2020-12-16,301.077277
2020-12-17,305.574931
2020-12-18,291.593587
2020-12-19,267.108763
2020-12-20,266.450149
2020-12-21,278.800694
2020-12-22,270.512519
2020-12-23,251.451816
2020-12-24,234.428798
2020-12-25,238.249072
2020-12-26,239.684519
2020-12-27,253.616571
2020-12-28,275.361045
2020-12-29,277.457594
2020-12-30,278.8968
2020-12-31,267.639852
2021-01-01,249.260021
2021-01-02,269.871547
2021-01-03,275.470633
2021-01-04,311.479345
2021-01-05,319.748963
2021-01-06,325.730761
2021-01-07,343.33802
2021-01-08,339.011155
2021-01-09,312.868697
2021-01-10,302.499762
2021-01-11,336.942048
2021-01-12,333.790197
2021-01-13,338.487235
2021-01-14,357.2074
2021-01-15,354.969223
2021-01-16,319.340578
2021-01-17,317.211224
2021-01-18,331.900766
2021-01-19,321.783691
2021-01-20,303.646222
2021-01-21,303.312638
2021-01-22,309.274053
2021-01-23,291.958684
2021-01-24,296.471792
2021-01-25,340.907081
2021-01-26,343.477584
2021-01-27,346.687005
2021-01-28,330.858349
2021-01-29,307.103452
2021-01-30,290.339455
2021-01-31,299.869319
2021-02-01,347.59112
2021-02-02,317.05911
2021-02-03,302.263436
2021-02-04,329.241668
2021-02-05,312.022455
2021-02-06,289.416873
2021-02-07,315.586796
2021-02-08,373.091855
2021-02-09,386.158939
2021-02-10,394.78904
2021-02-11,392.000084
2021-02-12,383.74705
2021-02-13,350.58151
2021-02-14,334.825681
2021-02-15,361.942859
2021-02-16,330.389522
2021-02-17,323.561506
2021-02-18,308.86592
2021-02-19,302.00567
2021-02-20,256.322903
2021-02-21,263.054357
2021-02-22,302.119714
2021-02-23,282.252337
2021-02-24,271.924511
2021-02-25,293.599974
2021-02-26,296.938937
2021-02-27,270.698694
2021-02-28,275.638313
2021-03-01,322.173302
2021-03-02,318.765654
2021-03-03,311.554325
2021-03-04,321.14796
2021-03-05,319.559724
2021-03-06,283.521316
2021-03-07,288.364814
2021-03-08,330.080389
2021-03-09,329.471521
2021-03-10,299.749924
2021-03-11,286.027092
2021-03-12,273.294102
2021-03-13,257.79922
2021-03-14,266.547469
2021-03-15,306.5651
2021-03-16,327.208503
2021-03-17,332.294448
2021-03-18,329.701084
2021-03-19,325.04941
2021-03-20,281.027713
2021-03-21,277.858247
2021-03-22,321.812665
2021-03-23,313.299368
2021-03-24,300.568936
2021-03-25,288.485282
2021-03-26,265.363081
2021-03-27,244.066782
2021-03-28,244.280218
2021-03-29,266.847717
2021-03-30,277.497612
2021-03-31,268.924214
2021-04-01,247.506773
2021-04-02,244.14387
2021-04-03,233.285587
2021-04-04,222.848698
2021-04-05,249.06009
2021-04-06,301.092333
2021-04-07,302.279076
2021-04-08,295.675531
2021-04-09,275.648592
2021-04-10,244.26655
2021-04-11,253.60822
2021-04-12,294.599171
2021-04-13,294.886076
2021-04-14,302.277312
2021-04-15,291.523352
2021-04-16,279.200621
2021-04-17,247.037789
2021-04-18,248.558402
2021-04-19,280.594762
2021-04-20,273.552622
2021-04-21,257.858592
2021-04-22,277.318309
2021-04-23,269.257188
2021-04-24,237.960887
2021-04-25,241.434357
2021-04-26,277.540406
2021-04-27,271.916373
2021-04-28,266.393408
2021-04-29,269.151187
2021-04-30,269.260212
2021-05-01,223.256052
2021-05-02,239.747425
2021-05-03,265.002561
2021-05-04,258.145655
2021-05-05,275.908985
2021-05-06,290.472037
2021-05-07,277.37651
2021-05-08,222.652968
2021-05-09,209.042999
2021-05-10,247.276165
2021-05-11,261.683874
2021-05-12,256.401094
2021-05-13,234.965562
2021-05-14,251.135888
2021-05-15,225.993019
2021-05-16,223.782294
2021-05-17,265.291653
2021-05-18,274.171252
2021-05-19,278.323271
2021-05-20,257.214373
2021-05-21,238.87491
2021-05-22,221.341544
2021-05-23,212.5064
2021-05-24,228.558136
2021-05-25,257.672236
2021-05-26,260.359662
2021-05-27,268.347139
2021-05-28,252.86741
2021-05-29,213.861853
2021-05-30,210.278346
2021-05-31,237.110278
2021-06-01,231.172123
2021-06-02,217.418956
2021-06-03,221.27178
2021-06-04,219.990442
2021-06-05,198.801008
2021-06-06,202.422602
2021-06-07,240.608566
2021-06-08,236.349012
2021-06-09,233.309512
2021-06-10,228.611597
2021-06-11,216.233766
2021-06-12,196.038516
2021-06-13,195.137902
2021-06-14,227.350344
2021-06-15,233.040854
2021-06-16,223.302205
2021-06-17,224.923404
2021-06-18,211.516066
2021-06-19,186.944954
2021-06-20,187.4243
2021-06-21,223.679038
2021-06-22,234.499474
2021-06-23,241.295095
2021-06-24,235.936322
2021-06-25,227.462975
2021-06-26,188.408497
2021-06-27,189.839946
2021-06-28,233.725802
2021-06-29,239.682414
2021-06-30,245.08811
2021-07-01,246.200943
2021-07-02,227.276444
2021-07-03,194.068745
2021-07-04,190.997431
2021-07-05,222.869571
2021-07-06,217.34226
2021-07-07,237.274949
2021-07-08,245.433806
2021-07-09,232.196195
2021-07-10,199.875456
2021-07-11,198.11375
2021-07-12,237.508913
2021-07-13,235.270117
2021-07-14,223.138972
2021-07-15,224.504164
2021-07-16,216.434067
2021-07-17,193.519899
2021-07-18,192.198361
2021-07-19,230.714047
2021-07-20,229.61059
2021-07-21,229.623355
2021-07-22,220.32951
2021-07-23,204.466692
2021-07-24,185.251294
2021-07-25,184.160734
2021-07-26,215.347117
2021-07-27,212.776244
2021-07-28,204.903925
2021-07-29,206.2478
2021-07-30,197.561829
2021-07-31,182.204699
2021-08-01,184.136652
2021-08-02,206.161722
2021-08-03,207.602725
2021-08-04,204.104361
2021-08-05,200.84578
2021-08-06,192.22968
2021-08-07,177.050246
2021-08-08,171.595224
2021-08-09,189.806785
2021-08-10,196.080859
2021-08-11,197.751787
2021-08-12,192.66906
2021-08-13,184.064157
2021-08-14,171.847484
2021-08-15,167.315153
2021-08-16,190.130226
2021-08-17,199.042453
2021-08-18,198.045682
2021-08-19,201.854586
2021-08-20,200.27064
2021-08-21,180.067356
2021-08-22,182.385686
2021-08-23,207.176077
2021-08-24,212.288455
2021-08-25,212.79231
2021-08-26,215.432635
2021-08-27,208.954331
2021-08-28,192.207836
2021-08-29,190.794268
2021-08-30,217.851957
2021-08-31,222.450187
2021-09-01,228.133275
2021-09-02,227.639557
2021-09-03,216.402516
2021-09-04,192.211381
2021-09-05,193.690966
2021-09-06,230.5002
2021-09-07,227.66661
2021-09-08,222.975401
2021-09-09,226.668663
2021-09-10,223.783336
2021-09-11,192.443407
2021-09-12,192.116996
2021-09-13,232.416937
2021-09-14,229.176431
2021-09-15,230.974209
2021-09-16,228.298158
2021-09-17,221.939543
2021-09-18,193.012912
2021-09-19,195.90932
2021-09-20,235.53231
2021-09-21,235.524178
2021-09-22,229.679497
2021-09-23,226.568379
2021-09-24,215.493255
2021-09-25,194.379963
2021-09-26,188.908081
2021-09-27,215.372817
2021-09-28,230.688021
2021-09-29,224.298718
2021-09-30,206.893016
2021-10-01,216.282421
2021-10-02,190.929263
2021-10-03,190.207429
2021-10-04,223.951558
2021-10-05,227.308747
2021-10-06,243.132784
2021-10-07,247.201553
2021-10-08,236.783127
2021-10-09,211.485842
2021-10-10,214.798392
2021-10-11,248.207192
2021-10-12,256.799911
2021-10-13,263.845438
2021-10-14,249.521597
2021-10-15,245.929863
2021-10-16,220.305991
2021-10-17,221.245306
2021-10-18,251.193913
2021-10-19,231.815706
2021-10-20,225.498049
2021-10-21,239.387677
2021-10-22,249.293367
2021-10-23,234.253834
2021-10-24,228.864189
2021-10-25,259.92639
2021-10-26,254.325654
2021-10-27,248.978461
2021-10-28,251.64771
2021-10-29,240.838673
2021-10-30,225.590324
2021-10-31,206.554621
2021-11-01,233.497572
2021-11-02,283.259049
2021-11-03,284.640285
2021-11-04,280.260051
2021-11-05,275.362797
2021-11-06,233.067375
2021-11-07,235.672663
2021-11-08,295.617701
2021-11-09,284.931089
2021-11-10,307.84093
2021-11-11,298.935602
2021-11-12,277.502902
2021-11-13,257.640088
2021-11-14,251.771811
2021-11-15,307.904079
2021-11-16,297.986951
2021-11-17,285.950412
2021-11-18,280.957275
2021-11-19,270.622753
2021-11-20,244.037325
2021-11-21,246.081209
2021-11-22,305.446726
2021-11-23,315.748251
2021-11-24,307.334497
2021-11-25,298.790004
2021-11-26,295.890802
2021-11-27,282.349979
2021-11-28,284.851826
2021-11-29,318.050018
2021-11-30,303.248798
2021-12-01,290.788313
2021-12-02,318.446101
2021-12-03,302.259757
2021-12-04,271.97759
2021-12-05,275.945116
2021-12-06,315.114291
2021-12-07,308.345677
2021-12-08,308.867414
2021-12-09,315.413777
2021-12-10,316.314551
2021-12-11,277.061452
2021-12-12,266.407428
2021-12-13,299.987676
2021-12-14,301.944402
2021-12-15,296.676064
2021-12-16,298.408896
2021-12-17,293.451776
2021-12-18,262.275839
2021-12-19,262.486307
2021-12-20,324.72338
2021-12-21,325.290066
2021-12-22,309.383308
2021-12-23,269.082646
2021-12-24,232.568607
2021-12-25,229.975516
2021-12-26,234.114594
2021-12-27,251.92193
2021-12-28,239.2706
2021-12-29,230.300683
2021-12-30,210.326561
2021-12-31,190.780344
2022-01-01,189.83808
2022-01-02,204.167866
2022-01-03,240.543451
2022-01-04,256.663806
2022-01-05,272.603908
2022-01-06,276.922966
2022-01-07,279.051139
2022-01-08,252.605453
2022-01-09,266.856843
2022-01-10,314.737566
2022-01-11,320.398837
2022-01-12,315.42773
2022-01-13,314.411839
2022-01-14,314.03969
2022-01-15,273.561651
2022-01-16,262.103232
2022-01-17,305.175932
2022-01-18,308.655103
2022-01-19,292.931497
2022-01-20,303.428281
2022-01-21,297.382489
2022-01-22,275.125143
2022-01-23,274.092809
2022-01-24,319.120993
2022-01-25,319.264281
2022-01-26,304.067682
2022-01-27,302.044952
2022-01-28,292.982764
2022-01-29,244.178071
2022-01-30,252.292203
2022-01-31,296.511998
2022-02-01,283.544264
2022-02-02,295.897094
2022-02-03,283.412855
2022-02-04,266.98311
2022-02-05,244.466821
2022-02-06,246.650622
2022-02-07,286.65928
2022-02-08,272.827367
2022-02-09,280.312618
2022-02-10,276.307748
2022-02-11,287.848024
2022-02-12,245.78075
2022-02-13,235.998918
2022-02-14,268.536565
2022-02-15,269.467789
2022-02-16,263.455462
2022-02-17,265.197759
2022-02-18,263.41752
2022-02-19,232.551696
2022-02-20,230.059839
2022-02-21,275.091894
2022-02-22,273.472996
2022-02-23,270.083452
2022-02-24,268.941232
2022-02-25,280.264585
2022-02-26,251.591443
2022-02-27,250.468303
2022-02-28,284.95387
2022-03-01,302.51713
2022-03-02,287.86799
2022-03-03,279.217371
2022-03-04,281.293323
2022-03-05,248.681191
2022-03-06,257.747531
2022-03-07,286.741108
2022-03-08,272.005634
2022-03-09,264.007984
2022-03-10,250.584452
2022-03-11,243.538004
2022-03-12,220.480838
2022-03-13,223.0578
2022-03-14,262.752143
2022-03-15,263.15199
2022-03-16,240.611221
2022-03-17,258.344981
2022-03-18,243.720968
2022-03-19,212.076038
2022-03-20,221.482884
2022-03-21,256.917012
2022-03-22,256.245089
2022-03-23,252.387497
2022-03-24,248.410304
2022-03-25,230.68911
2022-03-26,200.550684
2022-03-27,212.75377
2022-03-28,246.157385
2022-03-29,252.794639
2022-03-30,248.647961
2022-03-31,257.374404
2022-04-01,263.177167
2022-04-02,243.281511
2022-04-03,239.798826
2022-04-04,259.901253
2022-04-05,257.355003
2022-04-06,238.903687
2022-04-07,238.949413
2022-04-08,248.467663
2022-04-09,227.708732
2022-04-10,233.663727
2022-04-11,247.409797
2022-04-12,235.501352
2022-04-13,235.170754
2022-04-14,219.199836
2022-04-15,202.727417
2022-04-16,189.144557
2022-04-17,178.407533
2022-04-18,190.597278
2022-04-19,227.755944
2022-04-20,227.883546
2022-04-21,222.251139
2022-04-22,209.221374
2022-04-23,184.291902
2022-04-24,190.893344
2022-04-25,227.589649
2022-04-26,237.431937
2022-04-27,231.526454
2022-04-28,223.217142
2022-04-29,212.333251
2022-04-30,188.608858
2022-05-01,188.36034
2022-05-02,230.810591
2022-05-03,240.12964
2022-05-04,239.156227
2022-05-05,235.697458
2022-05-06,220.224611
2022-05-07,187.722109
2022-05-08,194.664203
2022-05-09,224.305166
2022-05-10,216.765625
2022-05-11,206.692638
2022-05-12,214.010654
2022-05-13,203.174109
2022-05-14,184.799298
2022-05-15,180.004765
2022-05-16,221.299446
2022-05-17,224.414282
2022-05-18,215.207618
2022-05-19,220.151772
2022-05-20,207.587443
2022-05-21,180.676599
2022-05-22,186.503881
2022-05-23,216.752965
2022-05-24,223.851907
2022-05-25,204.356749
2022-05-26,188.438991
2022-05-27,195.390266
2022-05-28,186.163369
2022-05-29,200.267483
2022-05-30,245.962402
2022-05-31,211.461104
2022-06-01,232.388062
2022-06-02,221.791064
2022-06-03,199.588304
2022-06-04,176.438324
2022-06-05,169.123784
2022-06-06,182.019543
2022-06-07,219.739627
2022-06-08,223.835748
2022-06-09,213.374146
2022-06-10,203.910419
2022-06-11,173.501496
2022-06-12,174.659494
2022-06-13,214.272357
2022-06-14,221.014248
2022-06-15,220.325673
2022-06-16,196.110274
2022-06-17,186.307318
2022-06-18,163.643766
2022-06-19,170.60211
2022-06-20,205.143083
2022-06-21,217.038105
2022-06-22,222.176697
2022-06-23,205.440049
2022-06-24,203.472752
2022-06-25,171.150227
2022-06-26,176.632556
2022-06-27,218.56566
2022-06-28,213.237634
2022-06-29,220.131877
2022-06-30,192.267833
2022-07-01,179.585337
2022-07-02,161.231168
2022-07-03,163.753123
2022-07-04,187.59696
2022-07-05,189.248986
2022-07-06,186.300284
2022-07-07,185.962394
2022-07-08,184.910653
2022-07-09,159.317586
2022-07-10,160.60941
2022-07-11,189.732827
2022-07-12,183.134306
2022-07-13,181.521693
2022-07-14,176.745185
2022-07-15,176.681376
2022-07-16,152.844832
2022-07-17,159.104034
2022-07-18,187.130834
2022-07-19,165.715613
2022-07-20,186.372198
2022-07-21,175.340568
2022-07-22,176.843448
2022-07-23,147.530086
2022-07-24,144.578243
2022-07-25,169.853156
2022-07-26,172.922171
2022-07-27,167.990417
2022-07-28,168.620203
2022-07-29,165.785533
2022-07-30,149.604697
2022-07-31,146.680526
2022-08-01,177.779116
2022-08-02,168.169756
2022-08-03,175.434203
2022-08-04,177.061072
2022-08-05,163.062759
2022-08-06,144.082783
2022-08-07,140.498996
2022-08-08,162.036749
2022-08-09,161.753983
2022-08-10,162.327128
2022-08-11,165.703748
2022-08-12,160.716157
2022-08-13,140.265249
2022-08-14,133.896828
2022-08-15,165.487208
2022-08-16,174.240165
2022-08-17,187.406518
2022-08-18,186.00547
2022-08-19,175.266627
2022-08-20,143.05348
2022-08-21,150.137243
2022-08-22,186.729861
2022-08-23,188.402439
2022-08-24,190.599929
2022-08-25,187.645265
2022-08-26,194.807948
2022-08-27,157.665268
2022-08-28,153.938991
2022-08-29,196.035584
2022-08-30,191.51678
2022-08-31,168.925799
2022-09-01,191.971726
2022-09-02,174.347896
2022-09-03,147.542165
2022-09-04,147.62638
2022-09-05,175.195882
2022-09-06,182.762617
2022-09-07,188.590581
2022-09-08,177.711191
2022-09-09,172.665591
2022-09-10,164.439896
2022-09-11,166.242282
2022-09-12,192.532692
2022-09-13,199.670908
2022-09-14,204.754413
2022-09-15,186.089543
2022-09-16,178.27582
2022-09-17,160.610395
2022-09-18,160.048671
2022-09-19,191.950259
2022-09-20,221.217153
2022-09-21,210.203293
2022-09-22,207.13695
2022-09-23,202.472834
2022-09-24,167.871459
2022-09-25,164.730424
2022-09-26,188.403202
2022-09-27,204.164167
2022-09-28,218.118058
2022-09-29,218.905359
2022-09-30,190.161052
2022-10-01,160.068629
2022-10-02,157.67988
2022-10-03,179.283827
2022-10-04,191.684036
2022-10-05,180.135324
2022-10-06,186.585098
2022-10-07,181.341588
2022-10-08,165.777749
2022-10-09,169.897975
2022-10-10,200.123752
2022-10-11,226.373391
2022-10-12,221.750578
2022-10-13,230.692471
2022-10-14,213.863799
2022-10-15,165.308607
2022-10-16,165.352858
2022-10-17,203.33501
2022-10-18,218.54013
2022-10-19,210.34369
2022-10-20,209.301182
2022-10-21,214.866356
2022-10-22,188.618389
2022-10-23,179.42223
2022-10-24,202.848927
2022-10-25,232.047838
2022-10-26,215.893355
2022-10-27,206.211096
2022-10-28,204.601017
2022-10-29,197.69587
2022-10-30,193.181327
2022-10-31,194.569434
2022-11-01,184.975923
2022-11-02,212.135323
2022-11-03,225.865183
2022-11-04,232.047545
2022-11-05,190.412406
2022-11-06,186.945893
2022-11-07,210.242033
2022-11-08,205.790909
2022-11-09,205.378604
2022-11-10,206.663574
2022-11-11,210.48203
2022-11-12,199.739228
2022-11-13,197.287412
2022-11-14,234.408932
2022-11-15,220.779462
2022-11-16,221.113751
2022-11-17,221.978278
2022-11-18,232.080252
2022-11-19,218.262721
2022-11-20,210.848598
2022-11-21,248.071835
2022-11-22,238.562287
2022-11-23,227.348005
2022-11-24,236.53639
2022-11-25,237.187894
2022-11-26,204.199041
2022-11-27,205.062124
2022-11-28,277.983862
2022-11-29,283.574178
2022-11-30,281.592953
2022-12-01,288.844729
2022-12-02,268.65713
2022-12-03,243.186964
2022-12-04,236.533138
2022-12-05,284.135557
2022-12-06,279.423757
2022-12-07,279.456517
2022-12-08,288.682247
2022-12-09,286.485229
2022-12-10,262.118634
2022-12-11,270.417391
2022-12-12,312.410913
2022-12-13,314.04519
2022-12-14,313.047751
2022-12-15,310.084257
2022-12-16,297.897944
2022-12-17,257.301811
2022-12-18,234.725966
2022-12-19,234.243227
2022-12-20,228.206261
2022-12-21,215.161725
2022-12-22,200.008432
2022-12-23,179.095317
2022-12-24,148.663333
2022-12-25,145.814917
2022-12-26,153.710779
2022-12-27,176.365177
2022-12-28,169.0775
2022-12-29,162.202931
2022-12-30,157.795086
2022-12-31,133.267455
2023-01-01,140.569095
2023-01-02,176.426771
2023-01-03,192.016727
2023-01-04,186.76546
2023-01-05,195.163455
2023-01-06,182.205852
2023-01-07,169.852424
2023-01-08,176.741953
2023-01-09,222.083197
2023-01-10,221.11915
2023-01-11,218.50319
2023-01-12,217.688555
2023-01-13,213.940396
2023-01-14,192.665421
2023-01-15,202.894594
2023-01-16,244.046744
2023-01-17,268.586221
2023-01-18,268.627342
2023-01-19,278.599936
2023-01-20,277.552508
2023-01-21,239.907677
2023-01-22,243.998722
2023-01-23,291.461995
2023-01-24,293.296251
2023-01-25,292.486775
2023-01-26,288.055206
2023-01-27,285.383113
2023-01-28,249.391797
2023-01-29,230.504515
2023-01-30,257.442479
2023-01-31,251.194953
2023-02-01,236.588954
2023-02-02,245.475712
2023-02-03,233.499648
2023-02-04,220.787708
2023-02-05,222.80681
2023-02-06,277.813083
2023-02-07,281.412156
2023-02-08,265.616159
2023-02-09,268.111303
2023-02-10,237.118583
2023-02-11,216.848804
2023-02-12,218.946946
2023-02-13,253.027173
2023-02-14,255.242373
2023-02-15,245.207281
2023-02-16,224.871628
2023-02-17,205.082767
2023-02-18,191.145943
2023-02-19,195.487984
2023-02-20,216.814929
2023-02-21,243.319239
2023-02-22,236.121809
2023-02-23,232.677774
2023-02-24,215.615678
2023-02-25,210.140153
2023-02-26,221.702956
2023-02-27,267.108496
2023-02-28,273.437628
2023-03-01,260.746954
2023-03-02,256.37625
2023-03-03,243.271671
2023-03-04,220.257284
2023-03-05,228.91907
2023-03-06,247.03344
2023-03-07,263.218991
2023-03-08,257.854789
2023-03-09,245.286662
2023-03-10,232.824554
2023-03-11,216.756601
2023-03-12,198.583968
2023-03-13,208.013425
2023-03-14,231.408106
2023-03-15,241.993098
2023-03-16,221.674839
2023-03-17,213.949452
2023-03-18,181.95033
2023-03-19,189.293076
2023-03-20,214.009585
2023-03-21,204.784458
2023-03-22,200.689118
2023-03-23,198.635464
2023-03-24,195.623944
2023-03-25,172.1281
2023-03-26,190.683583
2023-03-27,231.291193
2023-03-28,236.018211
2023-03-29,218.016301
2023-03-30,203.341512
2023-03-31,200.099903
2023-04-01,182.555816
2023-04-02,199.227555
2023-04-03,232.513347
2023-04-04,238.739195
2023-04-05,231.461254
2023-04-06,206.331707
2023-04-07,193.027199
2023-04-08,176.958041
2023-04-09,156.796405
2023-04-10,158.508513
2023-04-11,198.390519
2023-04-12,205.389213
2023-04-13,220.141721
2023-04-14,216.881519
2023-04-15,189.467123
2023-04-16,195.02401
2023-04-17,215.923612
2023-04-18,213.765624
2023-04-19,210.925217
2023-04-20,214.214864
2023-04-21,192.623232
2023-04-22,167.165364
2023-04-23,168.655916
2023-04-24,200.100114
2023-04-25,201.980691
2023-04-26,220.427568
2023-04-27,208.32653
2023-04-28,203.233882
2023-04-29,171.691024
2023-04-30,158.925412
2023-05-01,161.35634
2023-05-02,205.126388
2023-05-03,199.02545
2023-05-04,189.51749
2023-05-05,181.230405
2023-05-06,161.876825
2023-05-07,158.285773
2023-05-08,179.026526
2023-05-09,189.130372
2023-05-10,203.264581
2023-05-11,202.058002
2023-05-12,184.668858
2023-05-13,162.205613
2023-05-14,164.980014
2023-05-15,180.752748
2023-05-16,183.68332
2023-05-17,188.395414
2023-05-18,173.85214
2023-05-19,165.225162
2023-05-20,152.112648
2023-05-21,150.86792
2023-05-22,173.623539
2023-05-23,179.135853
2023-05-24,191.535926
2023-05-25,181.841433
2023-05-26,174.619611
2023-05-27,151.520179
2023-05-28,142.871722
2023-05-29,155.76715
2023-05-30,184.623215
2023-05-31,177.750523
2023-06-01,178.974467
2023-06-02,171.301146
2023-06-03,153.394092
2023-06-04,156.766451
2023-06-05,182.612462
2023-06-06,182.281063
2023-06-07,180.833172
2023-06-08,168.545239
2023-06-09,161.9621
2023-06-10,145.413954
2023-06-11,150.697083
2023-06-12,182.839021
2023-06-13,183.827924
2023-06-14,192.369925
2023-06-15,190.45442
2023-06-16,179.396101
2023-06-17,157.175804
2023-06-18,155.109274
2023-06-19,184.35596
2023-06-20,182.726051
2023-06-21,185.044755
2023-06-22,180.849797
2023-06-23,178.113879
2023-06-24,153.689068
2023-06-25,150.721521
2023-06-26,171.529766
2023-06-27,184.92439
2023-06-28,194.540056
2023-06-29,187.044374
2023-06-30,170.386235
2023-07-01,139.147259
2023-07-02,140.725858
2023-07-03,165.683117
2023-07-04,173.402199
2023-07-05,175.94345
2023-07-06,182.275223
2023-07-07,163.851555
2023-07-08,149.958302
2023-07-09,154.122558
2023-07-10,178.009585
2023-07-11,171.113059
2023-07-12,175.25175
2023-07-13,179.009898
2023-07-14,161.185609
2023-07-15,140.125914
2023-07-16,143.193019
2023-07-17,173.825349
2023-07-18,184.004192
2023-07-19,181.66201
2023-07-20,185.547047
2023-07-21,169.340113
2023-07-22,146.793543
2023-07-23,141.874736
2023-07-24,172.649657
2023-07-25,172.620122
2023-07-26,173.194537
2023-07-27,176.627969
2023-07-28,172.937161
2023-07-29,141.788834
2023-07-30,141.033686
2023-07-31,163.700302
2023-08-01,163.531945
2023-08-02,159.173101
2023-08-03,165.582982
2023-08-04,170.735191
2023-08-05,142.618895
2023-08-06,141.525723
2023-08-07,156.643597
2023-08-08,156.422238
2023-08-09,165.095847
2023-08-10,160.919394
2023-08-11,151.733725
2023-08-12,137.486885
2023-08-13,140.274595
2023-08-14,154.047126
2023-08-15,157.395995
2023-08-16,162.561475
2023-08-17,170.580516
2023-08-18,152.240242
2023-08-19,141.267269
2023-08-20,146.318589
2023-08-21,170.27226
2023-08-22,175.674821
2023-08-23,177.991936
2023-08-24,182.704161
2023-08-25,180.839918
2023-08-26,156.499065
2023-08-27,156.707819
2023-08-28,195.258316
2023-08-29,197.330322
2023-08-30,192.621534
2023-08-31,189.464791
2023-09-01,189.653092
2023-09-02,158.814882
2023-09-03,158.140154
2023-09-04,185.949408
2023-09-05,191.590651
2023-09-06,194.53086
2023-09-07,191.401135
2023-09-08,186.620999
2023-09-09,162.046083
2023-09-10,161.514754
2023-09-11,192.378618
2023-09-12,195.596541
2023-09-13,195.668529
2023-09-14,194.969552
2023-09-15,181.985038
2023-09-16,165.07819
2023-09-17,161.118699
2023-09-18,176.225054
2023-09-19,177.206775
2023-09-20,180.125918
2023-09-21,203.107801
2023-09-22,188.641783
2023-09-23,168.337793
2023-09-24,162.582478
2023-09-25,199.974644
2023-09-26,204.421877
2023-09-27,193.570684
2023-09-28,194.006246
2023-09-29,181.428733
2023-09-30,171.121216
2023-10-01,166.373017
2023-10-02,179.393256
2023-10-03,175.520774
2023-10-04,195.638276
2023-10-05,203.196996
2023-10-06,184.469583
2023-10-07,168.973698
2023-10-08,181.503515
2023-10-09,207.764942
2023-10-10,187.449884
2023-10-11,192.068399
2023-10-12,203.218062
2023-10-13,177.430315
2023-10-14,168.83446
2023-10-15,181.885024
2023-10-16,227.394961
2023-10-17,218.78912
2023-10-18,207.994738
2023-10-19,206.936877
2023-10-20,200.31698
2023-10-21,178.798432
2023-10-22,187.274791
2023-10-23,223.641161
2023-10-24,221.120585
2023-10-25,229.59858
2023-10-26,228.880591
2023-10-27,217.285998
2023-10-28,192.021927
2023-10-29,181.513971
2023-10-30,205.951305
2023-10-31,208.335526
2023-11-01,187.805125
2023-11-02,206.172187
2023-11-03,208.771495
2023-11-04,190.901511
2023-11-05,188.813104
2023-11-06,219.629073
2023-11-07,223.692748
2023-11-08,224.875718
2023-11-09,226.366887
2023-11-10,227.060683
2023-11-11,206.87822
2023-11-12,211.645778
2023-11-13,225.14674
2023-11-14,227.820391
2023-11-15,232.221818
2023-11-16,245.588874
2023-11-17,245.925073
2023-11-18,198.273613
2023-11-19,192.180905
2023-11-20,231.049384
2023-11-21,242.256099
2023-11-22,243.953211
2023-11-23,229.175262
2023-11-24,237.544112
2023-11-25,230.064296
2023-11-26,227.951247
2023-11-27,265.362515
2023-11-28,281.134072
2023-11-29,295.468423
2023-11-30,292.632815
2023-12-01,289.89519
2023-12-02,270.723692
2023-12-03,258.357054
2023-12-04,291.950851
2023-12-05,301.688374
2023-12-06,301.237686
2023-12-07,280.710053
2023-12-08,255.448826
2023-12-09,211.773178
2023-12-10,212.721289
2023-12-11,252.047642
2023-12-12,252.078684
2023-12-13,257.552834
2023-12-14,268.802763
2023-12-15,249.170627
2023-12-16,210.310617
2023-12-17,212.23545
2023-12-18,244.50421
2023-12-19,245.233731
2023-12-20,224.626519
2023-12-21,214.800661
2023-12-22,202.67777
2023-12-23,181.089517
2023-12-24,160.129494
2023-12-25,160.889671
2023-12-26,174.96155
2023-12-27,181.410901
2023-12-28,178.020865
2023-12-29,176.910868
2023-12-30,171.923267
2023-12-31,166.200146
2024-01-01,175.488621
2024-01-02,204.555074
2024-01-03,210.983872
2024-01-04,240.469342
2024-01-05,235.547598
2024-01-06,220.808395
2024-01-07,239.521894
2024-01-08,301.037093
2024-01-09,307.143437
2024-01-10,309.966022
2024-01-11,304.433947
2024-01-12,283.660623
2024-01-13,241.633164
2024-01-14,244.10887
2024-01-15,289.031904
2024-01-16,295.399591
2024-01-17,294.948048
2024-01-18,286.994406
2024-01-19,280.080091
2024-01-20,245.00901
2024-01-21,233.154252
2024-01-22,244.32449
2024-01-23,239.106325
2024-01-24,235.790866
2024-01-25,247.574072
2024-01-26,234.589098
2024-01-27,221.720167
2024-01-28,217.581338
2024-01-29,256.346872
2024-01-30,249.813754
2024-01-31,246.855111
2024-02-01,244.022773
2024-02-02,222.643327
2024-02-03,198.458283
2024-02-04,195.801584
2024-02-05,224.541587
2024-02-06,228.070228
2024-02-07,266.019842
2024-02-08,245.061809
2024-02-09,222.884707
2024-02-10,202.862294
2024-02-11,207.708905
2024-02-12,249.07111
2024-02-13,242.573927
2024-02-14,234.064717
2024-02-15,224.44931
2024-02-16,214.765006
2024-02-17,204.216294
2024-02-18,196.361162
2024-02-19,237.492556
2024-02-20,230.967834
2024-02-21,222.038486
2024-02-22,227.031001
2024-02-23,235.248796
2024-02-24,213.18816
2024-02-25,213.323304
2024-02-26,246.222917
2024-02-27,265.539594
2024-02-28,249.274545
2024-02-29,235.651615
2024-03-01,228.718415
2024-03-02,202.81948
2024-03-03,209.033073
2024-03-04,248.579203
2024-03-05,254.353958
2024-03-06,249.498053
2024-03-07,245.456843
2024-03-08,226.7642
2024-03-09,193.436154
2024-03-10,202.591286
2024-03-11,243.832386
2024-03-12,245.460679
2024-03-13,227.126945
2024-03-14,208.491159
2024-03-15,200.709703
2024-03-16,194.566775
2024-03-17,197.356791
2024-03-18,233.355392
2024-03-19,232.887254
2024-03-20,225.561683
2024-03-21,222.955269
2024-03-22,211.516473
2024-03-23,193.64036
2024-03-24,208.51004
2024-03-25,236.147641
2024-03-26,223.698746
2024-03-27,224.126011
2024-03-28,208.122459
2024-03-29,194.906828
2024-03-30,171.971002
2024-03-31,171.124163
2024-04-01,179.238874
2024-04-02,216.787714
2024-04-03,214.59179
2024-04-04,206.903385
2024-04-05,191.617167
2024-04-06,165.445082
2024-04-07,169.220035
2024-04-08,202.5664
2024-04-09,202.32377
2024-04-10,211.127708
2024-04-11,203.349661
2024-04-12,186.627608
2024-04-13,163.19822
2024-04-14,171.524004
2024-04-15,195.710608
2024-04-16,221.345548
2024-04-17,235.771773
2024-04-18,218.868256
2024-04-19,212.915217
2024-04-20,198.509227
2024-04-21,204.995455
2024-04-22,247.114541
2024-04-23,233.19821
2024-04-24,235.620525
2024-04-25,222.611776
2024-04-26,214.785894
2024-04-27,177.970718
2024-04-28,177.686881
2024-04-29,201.790057
2024-04-30,184.990951
2024-05-01,160.856342
2024-05-02,188.003585
2024-05-03,196.782419
2024-05-04,176.61436
2024-05-05,183.349759
2024-05-06,212.139037
2024-05-07,211.380551
2024-05-08,202.369058
2024-05-09,185.954646
2024-05-10,183.836555
2024-05-11,165.328623
2024-05-12,160.888125
2024-05-13,187.077625
2024-05-14,188.726312
2024-05-15,194.519876
2024-05-16,193.940198
2024-05-17,188.137827
2024-05-18,170.609592
2024-05-19,162.600853
2024-05-20,176.021002
2024-05-21,192.15334
2024-05-22,188.116072
2024-05-23,203.701269
2024-05-24,193.036052
2024-05-25,173.475973
2024-05-26,165.841741
2024-05-27,193.687364
2024-05-28,190.802745
2024-05-29,194.398681
2024-05-30,181.86851
2024-05-31,182.50799
2024-06-01,163.326832
2024-06-02,170.464949
2024-06-03,201.523997
2024-06-04,182.935537
2024-06-05,196.221105
2024-06-06,195.841106
2024-06-07,179.09834
2024-06-08,158.896916
2024-06-09,164.780631
2024-06-10,186.935735
2024-06-11,196.257712
2024-06-12,203.425939
2024-06-13,191.680994
2024-06-14,186.47361
2024-06-15,161.725698
2024-06-16,165.224532
2024-06-17,198.520074
2024-06-18,197.474861
2024-06-19,191.150761
2024-06-20,199.918829
2024-06-21,177.897698
2024-06-22,161.821601
2024-06-23,165.924696
2024-06-24,189.99916
2024-06-25,182.289439
2024-06-26,185.309923
2024-06-27,178.816448
2024-06-28,178.608242
2024-06-29,154.113855
2024-06-30,162.19432
2024-07-01,186.592538
2024-07-02,189.928482
2024-07-03,188.245012
2024-07-04,180.815999
2024-07-05,177.185292
2024-07-06,155.098253
2024-07-07,158.39614
2024-07-08,189.692096
2024-07-09,175.655003
2024-07-10,187.441042
2024-07-11,188.786817
2024-07-12,175.613899
2024-07-13,154.85754
2024-07-14,157.648298
2024-07-15,178.436756
2024-07-16,178.874032
2024-07-17,188.821874
2024-07-18,185.129385
2024-07-19,173.050955
2024-07-20,155.409121
2024-07-21,158.985961
2024-07-22,175.589566
2024-07-23,175.786974
2024-07-24,182.304228
2024-07-25,173.804123
2024-07-26,180.176232
2024-07-27,153.042676
2024-07-28,151.66199
2024-07-29,173.673018
2024-07-30,175.699967
2024-07-31,171.298198
2024-08-01,180.801209
2024-08-02,170.402859
2024-08-03,150.39878
2024-08-04,150.91859
2024-08-05,172.074585
2024-08-06,168.140392
2024-08-07,170.331769
2024-08-08,160.179063
2024-08-09,150.095641
2024-08-10,142.092978
2024-08-11,140.518558
2024-08-12,157.138392
2024-08-13,159.58623
2024-08-14,164.508471
2024-08-15,143.3244
2024-08-16,156.516437
2024-08-17,137.457386
2024-08-18,138.395534
2024-08-19,163.854461
2024-08-20,158.738627
2024-08-21,160.914599
2024-08-22,160.080664
2024-08-23,160.832291
2024-08-24,138.120831
2024-08-25,144.800073
2024-08-26,177.740002
2024-08-27,175.452153
2024-08-28,181.66669
2024-08-29,188.818998
2024-08-30,168.113194
2024-08-31,143.837613
2024-09-01,148.674457
2024-09-02,184.699705
2024-09-03,193.803553
2024-09-04,189.512049
2024-09-05,175.388543
2024-09-06,175.85089
2024-09-07,156.005969
2024-09-08,160.302315
2024-09-09,178.456058
2024-09-10,181.208377
2024-09-11,196.093149
2024-09-12,206.436122
2024-09-13,195.340656
2024-09-14,174.274473
2024-09-15,178.563141
2024-09-16,204.678445
2024-09-17,198.430406
2024-09-18,196.113902
2024-09-19,197.255086
2024-09-20,188.660023
2024-09-21,172.541889
2024-09-22,175.44588
2024-09-23,203.12313
2024-09-24,200.482781
2024-09-25,201.597377
2024-09-26,195.033164
2024-09-27,189.566402
2024-09-28,181.835173
2024-09-29,181.481517
2024-09-30,198.396876
2024-10-01,216.49332
2024-10-02,211.403246
2024-10-03,202.900156
2024-10-04,210.180628
2024-10-05,186.567494
2024-10-06,181.060906
2024-10-07,206.511454
2024-10-08,201.073916
2024-10-09,204.288044
2024-10-10,207.560495
2024-10-11,213.581082
2024-10-12,185.08907
2024-10-13,191.402375
2024-10-14,230.220437
2024-10-15,215.696081
2024-10-16,202.977957
2024-10-17,212.225257
2024-10-18,210.933358
2024-10-19,178.404083
2024-10-20,172.158873
2024-10-21,208.026552
2024-10-22,215.914211
2024-10-23,227.377835
2024-10-24,216.562185
2024-10-25,216.058186
2024-10-26,190.950238
2024-10-27,187.52338
2024-10-28,211.06759
2024-10-29,225.262712
2024-10-30,221.019856
2024-10-31,202.856365
2024-11-01,192.568411
2024-11-02,207.311752
2024-11-03,210.5191
2024-11-04,255.890015
2024-11-05,265.63223
2024-11-06,264.842134
2024-11-07,265.356727
2024-11-08,252.481981
2024-11-09,234.050362
2024-11-10,227.979448
2024-11-11,246.508973
2024-11-12,268.263121
2024-11-13,259.378865
2024-11-14,259.776641
2024-11-15,243.197156
2024-11-16,208.383429
2024-11-17,212.147046
2024-11-18,260.324055
2024-11-19,258.941707
2024-11-20,270.21748
2024-11-21,278.507786
2024-11-22,264.185334
2024-11-23,218.510735
2024-11-24,198.193381
2024-11-25,229.919308
2024-11-26,249.387506
2024-11-27,237.807364
2024-11-28,261.416205
2024-11-29,254.525807
2024-11-30,229.806096
2024-12-01,227.833195
2024-12-02,255.850192
2024-12-03,273.83121
2024-12-04,272.426671
2024-12-05,252.257159
2024-12-06,249.693858
2024-12-07,217.293684
2024-12-08,222.02498
2024-12-09,264.78626
2024-12-10,292.974633
2024-12-11,294.882436
2024-12-12,298.367659
2024-12-13,281.742552
2024-12-14,239.840561
2024-12-15,223.201538
2024-12-16,238.033341
2024-12-17,240.673327
2024-12-18,216.527691
2024-12-19,223.449653
2024-12-20,222.170222
2024-12-21,194.809233
2024-12-22,200.003442
2024-12-23,211.016627
2024-12-24,199.512817
2024-12-25,188.844076
2024-12-26,208.926465
2024-12-27,228.062436
2024-12-28,219.14181
2024-12-29,207.193543
2024-12-30,206.678586
2024-12-31,192.738472
2025-01-01,188.537114
2025-01-02,235.468216
2025-01-03,239.409329
2025-01-04,236.660812
2025-01-05,206.746095
2025-01-06,217.205635
2025-01-07,252.075027
2025-01-08,264.486164
2025-01-09,268.995585
2025-01-10,281.052051
2025-01-11,250.702299
2025-01-12,257.50903
2025-01-13,289.746619
2025-01-14,282.327898
2025-01-15,293.73449
2025-01-16,294.369766
2025-01-17,297.034233
2025-01-18,269.729264
2025-01-19,275.572541
2025-01-20,312.339432
2025-01-21,304.630375
2025-01-22,276.449666
2025-01-23,251.48446
2025-01-24,230.390847
2025-01-25,216.510647
2025-01-26,212.975544
2025-01-27,230.06541
2025-01-28,231.743553
2025-01-29,243.358035
2025-01-30,256.511198
2025-01-31,264.251387
2025-02-01,242.995015
2025-02-02,255.698321
2025-02-03,286.754612
2025-02-04,272.276466
2025-02-05,285.743977
2025-02-06,267.825408
2025-02-07,248.756013
2025-02-08,234.186021
2025-02-09,226.739457
2025-02-10,255.025677
2025-02-11,263.58592
2025-02-12,277.987513
2025-02-13,285.028795
2025-02-14,273.470403
2025-02-15,249.700835
2025-02-16,251.00158
2025-02-17,285.898468
2025-02-18,270.788635
2025-02-19,259.096546
2025-02-20,231.578985
2025-02-21,205.457601
2025-02-22,193.161345
2025-02-23,189.458241
2025-02-24,217.040091
2025-02-25,246.861008
2025-02-26,232.598139
2025-02-27,250.010289
2025-02-28,242.258918
2025-03-01,224.164229
2025-03-02,215.409142
2025-03-03,239.894174
2025-03-04,236.182342
2025-03-05,224.202401
2025-03-06,221.772967
2025-03-07,224.786189
2025-03-08,183.765246
2025-03-09,200.569031
2025-03-10,236.145792
2025-03-11,240.494699
2025-03-12,253.207638
2025-03-13,259.765415
2025-03-14,243.439808
2025-03-15,213.494665
2025-03-16,209.538231
2025-03-17,244.665894
2025-03-18,244.16895
2025-03-19,237.743578
2025-03-20,217.035229
2025-03-21,186.589179
2025-03-22,174.671582
2025-03-23,192.680687
2025-03-24,221.356444
2025-03-25,220.465442
2025-03-26,229.834258
2025-03-27,219.377712
2025-03-28,200.971108
2025-03-29,174.950889
2025-03-30,184.09079
2025-03-31,224.613346
2025-04-01,210.529523
2025-04-02,203.15547
2025-04-03,207.375362
2025-04-04,192.574102
2025-04-05,175.024082
2025-04-06,194.269887
2025-04-07,223.348666
2025-04-08,222.442661
2025-04-09,212.296124
2025-04-10,215.247434
2025-04-11,206.093439
2025-04-12,165.32082
2025-04-13,171.123451
2025-04-14,193.934815
2025-04-15,191.593762
2025-04-16,201.924719
2025-04-17,201.568777
2025-04-18,184.017092
2025-04-19,167.055617
2025-04-20,163.196339
2025-04-21,170.035234
2025-04-22,206.904142
2025-04-23,201.543615
2025-04-24,206.820747
2025-04-25,196.383455
2025-04-26,170.764297
2025-04-27,175.386325
2025-04-28,197.034639
2025-04-29,197.02369
2025-04-30,180.963
2025-05-01,154.943566
2025-05-02,166.205981
2025-05-03,151.08676
2025-05-04,163.338135
2025-05-05,197.115993
2025-05-06,200.135991
2025-05-07,202.65361
2025-05-08,201.572
2025-05-09,188.213102
2025-05-10,163.635869
2025-05-11,159.632735
2025-05-12,188.24151
2025-05-13,194.005573
2025-05-14,187.247741
2025-05-15,186.061025
2025-05-16,181.358668
2025-05-17,162.479672
2025-05-18,165.564641
2025-05-19,192.028188
2025-05-20,183.681749
2025-05-21,188.669463
2025-05-22,191.116613
2025-05-23,186.899665
2025-05-24,158.334843
2025-05-25,163.260505
2025-05-26,184.168368
2025-05-27,180.592611
2025-05-28,190.364717
2025-05-29,161.809248
2025-05-30,168.70768
2025-05-31,150.44111
2025-06-01,150.809936
2025-06-02,178.079309
2025-06-03,170.369901
2025-06-04,177.132366
2025-06-05,175.44551
2025-06-06,172.717484
2025-06-07,154.848518
2025-06-08,148.521221
2025-06-09,162.629743
2025-06-10,172.892437
2025-06-11,180.392151
2025-06-12,178.597766
2025-06-13,166.191382
2025-06-14,151.170231
2025-06-15,152.828933
2025-06-16,176.190604
2025-06-17,179.014042
2025-06-18,173.469801
2025-06-19,167.65266
2025-06-20,166.6506
2025-06-21,147.715143
2025-06-22,142.887456
2025-06-23,167.816541
2025-06-24,168.687062
2025-06-25,186.206249
2025-06-26,171.826759
2025-06-27,171.369763
2025-06-28,151.153086
2025-06-29,154.70622
2025-06-30,184.476882
2025-07-01,174.599267
2025-07-02,170.931465
2025-07-03,182.415281
2025-07-04,163.156634
2025-07-05,144.965158
2025-07-06,163.654709
2025-07-07,175.015534
2025-07-08,185.181035
2025-07-09,185.416122
2025-07-10,179.862392
2025-07-11,167.755389
2025-07-12,151.619879
2025-07-13,155.675977
2025-07-14,167.495272
2025-07-15,174.893371
2025-07-16,179.697862
2025-07-17,180.427508
2025-07-18,174.502383
2025-07-19,149.558741
2025-07-20,153.200626
2025-07-21,176.395351
2025-07-22,174.017499
2025-07-23,177.164244
2025-07-24,182.365647
2025-07-25,176.264382
2025-07-26,153.21224
2025-07-27,152.627897
2025-07-28,167.047145
2025-07-29,168.913428
2025-07-30,162.029003
2025-07-31,172.516226
2025-08-01,172.033196
2025-08-02,140.473498
2025-08-03,135.393272
2025-08-04,166.335048
2025-08-05,152.251432
2025-08-06,167.728506
2025-08-07,159.166532
2025-08-08,160.16051
2025-08-09,132.435407
2025-08-10,144.010232
2025-08-11,160.218541
2025-08-12,158.438544
2025-08-13,102.420888
2025-08-14,0.0
2025-08-15,0.0
2025-08-16,0.0
2025-08-17,0.0
2025-08-18,0.0
2025-08-19,0.0
2025-08-20,0.0
2025-08-21,0.0
2025-08-22,0.0
2025-08-23,0.0
2025-08-24,0.0
2025-08-25,0.0
2025-08-26,0.0
2025-08-27,0.0
2025-08-28,0.0
2025-08-29,0.0
2025-08-30,0.0
2025-08-31,0.0
2025-09-01,0.0
2025-09-02,0.0
2025-09-03,0.0
2025-09-04,0.0
2025-09-05,0.0
2025-09-06,0.0
2025-09-07,0.0
2025-09-08,0.0
2025-09-09,0.0
2025-09-10,0.0
2025-09-11,0.0
2025-09-12,0.0
2025-09-13,0.0
2025-09-14,0.0
2025-09-15,0.0
2025-09-16,0.0
2025-09-17,0.0
2025-09-18,0.0
2025-09-19,0.0
2025-09-20,0.0
2025-09-21,0.0
2025-09-22,0.0
2025-09-23,0.0
2025-09-24,0.0
2025-09-25,0.0
2025-09-26,0.0
2025-09-27,0.0
2025-09-28,0.0
2025-09-29,0.0
2025-09-30,0.0
2025-10-01,0.0
2025-10-02,0.0
2025-10-03,0.0
2025-10-04,0.0
2025-10-05,0.0
2025-10-06,0.0
2025-10-07,0.0
2025-10-08,0.0
2025-10-09,0.0
2025-10-10,0.0
2025-10-11,0.0
2025-10-12,0.0
2025-10-13,0.0
2025-10-14,0.0
2025-10-15,0.0
2025-10-16,0.0
2025-10-17,0.0
2025-10-18,0.0
2025-10-19,0.0
2025-10-20,0.0
2025-10-21,0.0
2025-10-22,0.0
2025-10-23,0.0
2025-10-24,0.0
2025-10-25,0.0
2025-10-26,0.0
2025-10-27,0.0
2025-10-28,0.0
2025-10-29,0.0
2025-10-30,0.0
2025-10-31,0.0
2025-11-01,0.0
2025-11-02,0.0
2025-11-03,0.0
2025-11-04,0.0
2025-11-05,0.0
2025-11-06,0.0
2025-11-07,0.0
2025-11-08,0.0
2025-11-09,0.0
2025-11-10,0.0
2025-11-11,0.0
2025-11-12,0.0
2025-11-13,0.0
2025-11-14,0.0
2025-11-15,0.0
2025-11-16,0.0
2025-11-17,0.0
2025-11-18,0.0
2025-11-19,0.0
2025-11-20,0.0
2025-11-21,0.0
2025-11-22,0.0
2025-11-23,0.0
2025-11-24,0.0
2025-11-25,0.0
2025-11-26,0.0
2025-11-27,0.0
2025-11-28,0.0
2025-11-29,0.0
2025-11-30,0.0
2025-12-01,0.0
2025-12-02,0.0
2025-12-03,0.0
2025-12-04,0.0
2025-12-05,0.0
2025-12-06,0.0
2025-12-07,0.0
2025-12-08,0.0
2025-12-09,0.0
2025-12-10,0.0
2025-12-11,0.0
2025-12-12,0.0
2025-12-13,0.0
2025-12-14,0.0
2025-12-15,0.0
2025-12-16,0.0
2025-12-17,0.0
2025-12-18,0.0
2025-12-19,0.0
2025-12-20,0.0
2025-12-21,0.0
2025-12-22,0.0
2025-12-23,0.0
2025-12-24,0.0
2025-12-25,0.0
2025-12-26,0.0
2025-12-27,0.0
2025-12-28,0.0
2025-12-29,0.0
2025-12-30,0.0
2025-12-31,0.0
