Date,Total_Gas_to_Power_Demand
2016-10-03,166.71
2016-10-04,174.14
2016-10-05,172.52
2016-10-06,199.39
2016-10-07,200.11
2016-10-08,170.0
2016-10-09,163.92
2016-10-10,220.46
2016-10-11,217.53
2016-10-12,211.65
2016-10-13,208.19
2016-10-14,195.73
2016-10-15,153.3
2016-10-16,132.0
2016-10-17,204.42
2016-10-18,202.51
2016-10-19,213.93
2016-10-20,215.75
2016-10-21,209.43
2016-10-22,179.14
2016-10-23,164.7
2016-10-24,220.34
2016-10-25,222.73
2016-10-26,214.98
2016-10-27,191.96
2016-10-28,195.57
2016-10-29,168.93
2016-10-30,144.82
2016-10-31,185.76
2016-11-01,165.95
2016-11-02,205.28
2016-11-03,222.69
2016-11-04,207.6
2016-11-05,149.63
2016-11-06,138.73
2016-11-07,217.82
2016-11-08,228.43
2016-11-09,225.54
2016-11-10,222.46
2016-11-11,214.16
2016-11-12,189.49
2016-11-13,178.2
2016-11-14,221.11
2016-11-15,217.36
2016-11-16,211.52
2016-11-17,205.77
2016-11-18,209.66
2016-11-19,171.13
2016-11-20,156.96
2016-11-21,196.22
2016-11-22,213.19
2016-11-23,216.97
2016-11-24,211.97
2016-11-25,211.01
2016-11-26,177.59
2016-11-27,152.73
2016-11-28,218.44
2016-11-29,236.04
2016-11-30,225.46
2016-12-01,235.26
2016-12-02,241.98
2016-12-03,201.48
2016-12-04,183.65
2016-12-05,258.51
2016-12-06,253.12
2016-12-07,230.62
2016-12-08,211.65
2016-12-09,207.24
2016-12-10,183.1
2016-12-11,178.74
2016-12-12,253.02
2016-12-13,250.59
2016-12-14,256.8
2016-12-15,250.95
2016-12-16,245.64
2016-12-17,205.15
2016-12-18,199.35
2016-12-19,254.67
2016-12-20,237.85
2016-12-21,218.18
2016-12-22,215.5
2016-12-23,176.43
2016-12-24,125.94
2016-12-25,89.1
2016-12-26,120.75
2016-12-27,171.75
2016-12-28,183.12
2016-12-29,186.85
2016-12-30,180.11
2016-12-31,157.62
2017-01-01,140.86
2017-01-02,194.46
2017-01-03,210.36
2017-01-04,221.15
2017-01-05,231.44
2017-01-06,213.41
2017-01-07,196.95
2017-01-08,186.06
2017-01-09,218.7
2017-01-10,232.11
2017-01-11,207.61
2017-01-12,206.2
2017-01-13,188.9
2017-01-14,174.48
2017-01-15,173.67
2017-01-16,254.87
2017-01-17,262.51
2017-01-18,258.89
2017-01-19,256.22
2017-01-20,241.44
2017-01-21,218.94
2017-01-22,205.07
2017-01-23,252.82
2017-01-24,252.64
2017-01-25,241.11
2017-01-26,240.64
2017-01-27,229.06
2017-01-28,195.69
2017-01-29,181.76
2017-01-30,232.81
2017-01-31,240.43
2017-02-01,202.97
2017-02-02,172.2
2017-02-03,161.33
2017-02-04,128.34
2017-02-05,131.2
2017-02-06,193.28
2017-02-07,210.91
2017-02-08,218.08
2017-02-09,227.05
2017-02-10,224.18
2017-02-11,148.24
2017-02-12,132.51
2017-02-13,188.15
2017-02-14,213.47
2017-02-15,214.36
2017-02-16,205.32
2017-02-17,213.14
2017-02-18,158.24
2017-02-19,145.88
2017-02-20,182.65
2017-02-21,178.68
2017-02-22,175.62
2017-02-23,176.97
2017-02-24,193.41
2017-02-25,141.04
2017-02-26,120.37
2017-02-27,185.11
2017-02-28,186.71
2017-03-01,193.95
2017-03-02,177.57
2017-03-03,188.86
2017-03-04,132.67
2017-03-05,121.69
2017-03-06,189.81
2017-03-07,198.82
2017-03-08,167.62
2017-03-09,173.93
2017-03-10,167.16
2017-03-11,129.17
2017-03-12,120.16
2017-03-13,165.64
2017-03-14,165.12
2017-03-15,171.75
2017-03-16,154.54
2017-03-17,133.2
2017-03-18,98.36
2017-03-19,95.09
2017-03-20,142.49
2017-03-21,172.85
2017-03-22,180.8
2017-03-23,175.53
2017-03-24,166.01
2017-03-25,118.44
2017-03-26,112.5
2017-03-27,176.07
2017-03-28,177.09
2017-03-29,157.3
2017-03-30,141.72
2017-03-31,131.32
2017-04-01,120.7
2017-04-02,114.03
2017-04-03,163.71
2017-04-04,178.51
2017-04-05,180.51
2017-04-06,178.67
2017-04-07,176.46
2017-04-08,132.28
2017-04-09,99.79
2017-04-10,154.89
2017-04-11,148.86
2017-04-12,143.29
2017-04-13,162.45
2017-04-14,127.8
2017-04-15,104.15
2017-04-16,106.43
2017-04-17,117.77
2017-04-18,170.96
2017-04-19,184.19
2017-04-20,188.56
2017-04-21,170.0
2017-04-22,132.66
2017-04-23,110.6
2017-04-24,150.64
2017-04-25,147.24
2017-04-26,188.13
2017-04-27,185.68
2017-04-28,182.76
2017-04-29,121.59
2017-04-30,86.98
2017-05-01,107.59
2017-05-02,173.42
2017-05-03,175.44
2017-05-04,159.06
2017-05-05,140.26
2017-05-06,115.65
2017-05-07,100.86
2017-05-08,143.66
2017-05-09,169.21
2017-05-10,161.78
2017-05-11,153.77
2017-05-12,151.4
2017-05-13,104.63
2017-05-14,94.05
2017-05-15,138.18
2017-05-16,141.03
2017-05-17,146.49
2017-05-18,156.0
2017-05-19,142.07
2017-05-20,91.71
2017-05-21,75.17
2017-05-22,130.5
2017-05-23,146.16
2017-05-24,146.31
2017-05-25,123.84
2017-05-26,105.22
2017-05-27,83.12
2017-05-28,83.76
2017-05-29,149.03
2017-05-30,152.24
2017-05-31,152.89
2017-06-01,145.78
2017-06-02,137.52
2017-06-03,110.52
2017-06-04,89.96
2017-06-05,124.19
2017-06-06,112.31
2017-06-07,108.96
2017-06-08,125.64
2017-06-09,129.13
2017-06-10,83.6
2017-06-11,69.97
2017-06-12,131.16
2017-06-13,158.09
2017-06-14,160.79
2017-06-15,142.04
2017-06-16,145.52
2017-06-17,107.52
2017-06-18,97.85
2017-06-19,176.19
2017-06-20,187.18
2017-06-21,194.54
2017-06-22,190.44
2017-06-23,155.73
2017-06-24,111.08
2017-06-25,103.46
2017-06-26,175.0
2017-06-27,176.86
2017-06-28,158.85
2017-06-29,145.21
2017-06-30,141.56
2017-07-01,91.07
2017-07-02,78.49
2017-07-03,155.52
2017-07-04,172.22
2017-07-05,187.89
2017-07-06,191.0
2017-07-07,184.56
2017-07-08,128.01
2017-07-09,122.41
2017-07-10,190.75
2017-07-11,187.48
2017-07-12,180.97
2017-07-13,176.14
2017-07-14,162.52
2017-07-15,111.09
2017-07-16,88.23
2017-07-17,161.92
2017-07-18,171.11
2017-07-19,176.35
2017-07-20,178.88
2017-07-21,160.36
2017-07-22,124.39
2017-07-23,115.9
2017-07-24,170.57
2017-07-25,157.5
2017-07-26,146.36
2017-07-27,149.97
2017-07-28,133.93
2017-07-29,111.02
2017-07-30,93.0
2017-07-31,154.55
2017-08-01,169.31
2017-08-02,166.19
2017-08-03,142.1
2017-08-04,139.98
2017-08-05,120.41
2017-08-06,101.94
2017-08-07,152.7
2017-08-08,154.94
2017-08-09,145.15
2017-08-10,147.23
2017-08-11,115.52
2017-08-12,85.18
2017-08-13,83.99
2017-08-14,104.11
2017-08-15,102.51
2017-08-16,119.34
2017-08-17,120.12
2017-08-18,114.63
2017-08-19,81.93
2017-08-20,95.12
2017-08-21,131.82
2017-08-22,136.47
2017-08-23,142.79
2017-08-24,146.71
2017-08-25,151.23
2017-08-26,122.34
2017-08-27,107.98
2017-08-28,148.83
2017-08-29,165.7
2017-08-30,172.17
2017-08-31,171.0
2017-09-01,160.43
2017-09-02,94.34
2017-09-03,82.87
2017-09-04,153.88
2017-09-05,155.72
2017-09-06,141.35
2017-09-07,145.17
2017-09-08,131.95
2017-09-09,96.54
2017-09-10,74.96
2017-09-11,102.44
2017-09-12,122.51
2017-09-13,125.35
2017-09-14,125.95
2017-09-15,147.19
2017-09-16,112.72
2017-09-17,101.97
2017-09-18,173.05
2017-09-19,168.4
2017-09-20,157.48
2017-09-21,165.01
2017-09-22,158.82
2017-09-23,112.81
2017-09-24,109.32
2017-09-25,176.77
2017-09-26,183.1
2017-09-27,165.76
2017-09-28,171.06
2017-09-29,155.88
2017-09-30,131.99
2017-10-01,95.26
2017-10-02,141.65
2017-10-03,149.21
2017-10-04,161.33
2017-10-05,149.77
2017-10-06,157.21
2017-10-07,118.86
2017-10-08,132.43
2017-10-09,191.43
2017-10-10,170.7
2017-10-11,166.83
2017-10-12,175.52
2017-10-13,169.68
2017-10-14,126.02
2017-10-15,115.81
2017-10-16,174.81
2017-10-17,196.41
2017-10-18,217.14
2017-10-19,208.25
2017-10-20,192.19
2017-10-21,126.67
2017-10-22,113.68
2017-10-23,191.77
2017-10-24,185.35
2017-10-25,184.36
2017-10-26,213.69
2017-10-27,185.81
2017-10-28,129.7
2017-10-29,137.55
2017-10-30,200.39
2017-10-31,193.89
2017-11-01,169.2
2017-11-02,214.87
2017-11-03,218.31
2017-11-04,151.3
2017-11-05,138.15
2017-11-06,213.68
2017-11-07,231.03
2017-11-08,232.26
2017-11-09,226.88
2017-11-10,200.46
2017-11-11,173.08
2017-11-12,134.86
2017-11-13,207.25
2017-11-14,227.57
2017-11-15,234.6
2017-11-16,221.86
2017-11-17,202.44
2017-11-18,178.79
2017-11-19,183.34
2017-11-20,217.35
2017-11-21,216.87
2017-11-22,202.93
2017-11-23,198.93
2017-11-24,214.29
2017-11-25,150.95
2017-11-26,132.81
2017-11-27,182.71
2017-11-28,212.85
2017-11-29,229.13
2017-11-30,230.3
2017-12-01,240.82
2017-12-02,196.85
2017-12-03,191.79
2017-12-04,225.3
2017-12-05,218.6
2017-12-06,206.71
2017-12-07,194.2
2017-12-08,170.74
2017-12-09,179.08
2017-12-10,163.87
2017-12-11,209.08
2017-12-12,206.62
2017-12-13,171.28
2017-12-14,192.42
2017-12-15,211.33
2017-12-16,185.66
2017-12-17,150.02
2017-12-18,231.07
2017-12-19,234.88
2017-12-20,234.61
2017-12-21,209.08
2017-12-22,173.46
2017-12-23,126.47
2017-12-24,108.9
2017-12-25,97.84
2017-12-26,109.38
2017-12-27,125.67
2017-12-28,151.68
2017-12-29,133.82
2017-12-30,109.65
2017-12-31,90.88
2018-01-01,101.49
2018-01-02,145.65
2018-01-03,146.35
2018-01-04,164.61
2018-01-05,172.27
2018-01-06,135.06
2018-01-07,130.02
2018-01-08,195.94
2018-01-09,208.27
2018-01-10,223.88
2018-01-11,244.85
2018-01-12,221.59
2018-01-13,154.49
2018-01-14,140.13
2018-01-15,179.69
2018-01-16,158.86
2018-01-17,168.87
2018-01-18,184.13
2018-01-19,199.58
2018-01-20,164.16
2018-01-21,121.5
2018-01-22,196.88
2018-01-23,178.84
2018-01-24,166.23
2018-01-25,211.07
2018-01-26,237.68
2018-01-27,138.6
2018-01-28,115.6
2018-01-29,183.9
2018-01-30,208.25
2018-01-31,173.62
2018-02-01,186.99
2018-02-02,211.37
2018-02-03,185.28
2018-02-04,162.66
2018-02-05,252.14
2018-02-06,266.56
2018-02-07,267.45
2018-02-08,257.48
2018-02-09,223.05
2018-02-10,151.0
2018-02-11,126.02
2018-02-12,200.99
2018-02-13,211.98
2018-02-14,200.15
2018-02-15,185.84
2018-02-16,208.71
2018-02-17,184.14
2018-02-18,160.48
2018-02-19,246.68
2018-02-20,241.47
2018-02-21,242.3
2018-02-22,208.38
2018-02-23,172.67
2018-02-24,120.49
2018-02-25,112.27
2018-02-26,185.34
2018-02-27,208.34
2018-02-28,189.41
2018-03-01,164.78
2018-03-02,139.82
2018-03-03,109.24
2018-03-04,118.59
2018-03-05,189.39
2018-03-06,217.34
2018-03-07,210.8
2018-03-08,191.71
2018-03-09,195.31
2018-03-10,134.29
2018-03-11,134.25
2018-03-12,163.63
2018-03-13,151.05
2018-03-14,136.73
2018-03-15,147.5
2018-03-16,142.95
2018-03-17,108.27
2018-03-18,91.18
2018-03-19,186.72
2018-03-20,208.13
2018-03-21,199.57
2018-03-22,188.98
2018-03-23,191.64
2018-03-24,156.72
2018-03-25,135.27
2018-03-26,210.45
2018-03-27,205.83
2018-03-28,207.84
2018-03-29,177.51
2018-03-30,140.84
2018-03-31,125.77
2018-04-01,121.11
2018-04-02,110.45
2018-04-03,151.86
2018-04-04,161.55
2018-04-05,160.42
2018-04-06,117.53
2018-04-07,114.42
2018-04-08,127.23
2018-04-09,172.65
2018-04-10,154.62
2018-04-11,168.34
2018-04-12,185.0
2018-04-13,168.73
2018-04-14,113.87
2018-04-15,106.44
2018-04-16,139.41
2018-04-17,123.1
2018-04-18,118.03
2018-04-19,135.42
2018-04-20,123.64
2018-04-21,97.36
2018-04-22,82.26
2018-04-23,100.27
2018-04-24,128.92
2018-04-25,94.25
2018-04-26,110.09
2018-04-27,137.87
2018-04-28,111.12
2018-04-29,99.09
2018-04-30,111.95
2018-05-01,96.58
2018-05-02,118.41
2018-05-03,134.61
2018-05-04,136.06
2018-05-05,97.06
2018-05-06,87.22
2018-05-07,115.87
2018-05-08,129.51
2018-05-09,126.84
2018-05-10,117.63
2018-05-11,107.18
2018-05-12,101.32
2018-05-13,94.35
2018-05-14,117.1
2018-05-15,125.89
2018-05-16,129.71
2018-05-17,133.7
2018-05-18,141.11
2018-05-19,93.66
2018-05-20,86.04
2018-05-21,124.2
2018-05-22,136.71
2018-05-23,131.13
2018-05-24,134.55
2018-05-25,123.14
2018-05-26,73.65
2018-05-27,79.42
2018-05-28,126.11
2018-05-29,134.29
2018-05-30,163.58
2018-05-31,152.27
2018-06-01,145.16
2018-06-02,107.52
2018-06-03,103.63
2018-06-04,136.59
2018-06-05,141.09
2018-06-06,153.64
2018-06-07,160.0
2018-06-08,155.79
2018-06-09,104.45
2018-06-10,99.43
2018-06-11,154.05
2018-06-12,157.95
2018-06-13,137.55
2018-06-14,124.27
2018-06-15,132.82
2018-06-16,88.67
2018-06-17,82.41
2018-06-18,109.87
2018-06-19,148.7
2018-06-20,145.21
2018-06-21,134.53
2018-06-22,133.4
2018-06-23,96.9
2018-06-24,101.47
2018-06-25,157.42
2018-06-26,160.59
2018-06-27,154.11
2018-06-28,159.24
2018-06-29,140.31
2018-06-30,99.92
2018-07-01,93.3
2018-07-02,160.59
2018-07-03,183.08
2018-07-04,192.64
2018-07-05,185.62
2018-07-06,149.28
2018-07-07,110.31
2018-07-08,104.36
2018-07-09,169.73
2018-07-10,175.81
2018-07-11,184.8
2018-07-12,187.92
2018-07-13,190.57
2018-07-14,132.49
2018-07-15,116.59
2018-07-16,187.44
2018-07-17,186.88
2018-07-18,190.89
2018-07-19,189.05
2018-07-20,182.67
2018-07-21,133.25
2018-07-22,111.68
2018-07-23,179.14
2018-07-24,197.4
2018-07-25,196.16
2018-07-26,192.98
2018-07-27,179.74
2018-07-28,99.53
2018-07-29,95.4
2018-07-30,167.38
2018-07-31,183.94
2018-08-01,179.85
2018-08-02,189.36
2018-08-03,190.04
2018-08-04,138.47
2018-08-05,133.05
2018-08-06,194.92
2018-08-07,196.67
2018-08-08,176.66
2018-08-09,163.46
2018-08-10,133.13
2018-08-11,109.8
2018-08-12,115.04
2018-08-13,162.07
2018-08-14,144.14
2018-08-15,122.07
2018-08-16,136.55
2018-08-17,140.49
2018-08-18,113.34
2018-08-19,103.52
2018-08-20,169.94
2018-08-21,193.2
2018-08-22,171.72
2018-08-23,152.19
2018-08-24,128.29
2018-08-25,107.75
2018-08-26,76.37
2018-08-27,132.85
2018-08-28,163.5
2018-08-29,171.0
2018-08-30,188.08
2018-08-31,172.22
2018-09-01,117.83
2018-09-02,100.0
2018-09-03,186.56
2018-09-04,189.41
2018-09-05,188.79
2018-09-06,191.54
2018-09-07,152.74
2018-09-08,111.65
2018-09-09,94.62
2018-09-10,157.15
2018-09-11,146.29
2018-09-12,173.67
2018-09-13,185.39
2018-09-14,168.31
2018-09-15,120.95
2018-09-16,105.17
2018-09-17,176.44
2018-09-18,158.73
2018-09-19,156.95
2018-09-20,171.54
2018-09-21,135.46
2018-09-22,134.46
2018-09-23,102.39
2018-09-24,153.22
2018-09-25,136.36
2018-09-26,135.34
2018-09-27,146.54
2018-09-28,157.49
2018-09-29,115.01
2018-09-30,100.94
2018-10-01,158.39
2018-10-02,154.79
2018-10-03,164.01
2018-10-04,181.58
2018-10-05,179.69
2018-10-06,129.96
2018-10-07,114.02
2018-10-08,180.57
2018-10-09,195.06
2018-10-10,181.65
2018-10-11,178.44
2018-10-12,163.57
2018-10-13,119.81
2018-10-14,124.33
2018-10-15,205.71
2018-10-16,209.97
2018-10-17,221.15
2018-10-18,211.81
2018-10-19,210.26
2018-10-20,153.42
2018-10-21,121.87
2018-10-22,172.76
2018-10-23,159.72
2018-10-24,189.35
2018-10-25,195.95
2018-10-26,184.6
2018-10-27,142.87
2018-10-28,134.42
2018-10-29,203.6
2018-10-30,210.97
2018-10-31,203.42
2018-11-01,176.71
2018-11-02,189.01
2018-11-03,147.57
2018-11-04,151.48
2018-11-05,218.02
2018-11-06,192.0
2018-11-07,194.9
2018-11-08,202.93
2018-11-09,174.95
2018-11-10,129.73
2018-11-11,115.8
2018-11-12,188.97
2018-11-13,189.83
2018-11-14,191.02
2018-11-15,217.15
2018-11-16,199.55
2018-11-17,125.19
2018-11-18,124.6
2018-11-19,204.75
2018-11-20,225.04
2018-11-21,250.11
2018-11-22,267.54
2018-11-23,264.36
2018-11-24,202.88
2018-11-25,169.13
2018-11-26,257.51
2018-11-27,232.33
2018-11-28,179.54
2018-11-29,175.65
2018-11-30,196.46
2018-12-01,171.35
2018-12-02,129.15
2018-12-03,199.11
2018-12-04,227.05
2018-12-05,221.93
2018-12-06,196.28
2018-12-07,155.52
2018-12-08,96.73
2018-12-09,106.97
2018-12-10,219.43
2018-12-11,242.24
2018-12-12,247.09
2018-12-13,241.89
2018-12-14,248.05
2018-12-15,166.7
2018-12-16,167.46
2018-12-17,217.58
2018-12-18,208.03
2018-12-19,216.24
2018-12-20,205.15
2018-12-21,160.64
2018-12-22,125.85
2018-12-23,142.65
2018-12-24,144.52
2018-12-25,115.8
2018-12-26,138.45
2018-12-27,195.66
2018-12-28,183.22
2018-12-29,142.35
2018-12-30,140.26
2018-12-31,132.51
2019-01-01,120.5
2019-01-02,208.87
2019-01-03,236.85
2019-01-04,239.49
2019-01-05,203.3
2019-01-06,197.14
2019-01-07,213.38
2019-01-08,215.43
2019-01-09,246.13
2019-01-10,277.11
2019-01-11,253.43
2019-01-12,150.19
2019-01-13,118.22
2019-01-14,222.42
2019-01-15,224.15
2019-01-16,236.57
2019-01-17,245.68
2019-01-18,261.18
2019-01-19,236.95
2019-01-20,227.71
2019-01-21,281.69
2019-01-22,288.48
2019-01-23,306.72
2019-01-24,306.96
2019-01-25,244.48
2019-01-26,159.96
2019-01-27,129.58
2019-01-28,237.69
2019-01-29,266.09
2019-01-30,271.13
2019-01-31,251.19
2019-02-01,236.1
2019-02-02,189.45
2019-02-03,169.51
2019-02-04,244.03
2019-02-05,236.95
2019-02-06,227.78
2019-02-07,195.97
2019-02-08,168.31
2019-02-09,122.02
2019-02-10,122.84
2019-02-11,215.92
2019-02-12,201.11
2019-02-13,201.67
2019-02-14,215.36
2019-02-15,190.37
2019-02-16,134.51
2019-02-17,106.65
2019-02-18,190.06
2019-02-19,203.56
2019-02-20,205.74
2019-02-21,206.46
2019-02-22,184.18
2019-02-23,125.96
2019-02-24,136.49
2019-02-25,213.56
2019-02-26,212.8
2019-02-27,206.08
2019-02-28,185.44
2019-03-01,200.88
2019-03-02,118.53
2019-03-03,114.56
2019-03-04,148.18
2019-03-05,173.31
2019-03-06,156.16
2019-03-07,146.32
2019-03-08,161.27
2019-03-09,113.62
2019-03-10,105.54
2019-03-11,146.99
2019-03-12,149.59
2019-03-13,149.43
2019-03-14,147.18
2019-03-15,145.01
2019-03-16,113.05
2019-03-17,111.64
2019-03-18,209.99
2019-03-19,229.03
2019-03-20,206.83
2019-03-21,205.28
2019-03-22,179.19
2019-03-23,138.97
2019-03-24,104.16
2019-03-25,158.94
2019-03-26,181.14
2019-03-27,208.17
2019-03-28,198.76
2019-03-29,181.61
2019-03-30,125.42
2019-03-31,112.18
2019-04-01,185.08
2019-04-02,195.05
2019-04-03,220.15
2019-04-04,207.49
2019-04-05,200.24
2019-04-06,149.34
2019-04-07,131.97
2019-04-08,194.29
2019-04-09,189.4
2019-04-10,197.45
2019-04-11,213.96
2019-04-12,212.93
2019-04-13,140.97
2019-04-14,124.11
2019-04-15,153.09
2019-04-16,199.55
2019-04-17,186.53
2019-04-18,148.76
2019-04-19,130.42
2019-04-20,118.67
2019-04-21,94.41
2019-04-22,93.6
2019-04-23,135.94
2019-04-24,140.93
2019-04-25,133.6
2019-04-26,130.49
2019-04-27,90.54
2019-04-28,124.6
2019-04-29,183.4
2019-04-30,182.37
2019-05-01,138.23
2019-05-02,168.4
2019-05-03,171.09
2019-05-04,107.53
2019-05-05,112.76
2019-05-06,172.78
2019-05-07,190.05
2019-05-08,161.25
2019-05-09,193.59
2019-05-10,187.03
2019-05-11,119.43
2019-05-12,113.47
2019-05-13,169.03
2019-05-14,168.31
2019-05-15,170.79
2019-05-16,160.06
2019-05-17,167.47
2019-05-18,132.98
2019-05-19,120.21
2019-05-20,175.76
2019-05-21,163.43
2019-05-22,157.57
2019-05-23,147.2
2019-05-24,147.4
2019-05-25,109.74
2019-05-26,74.31
2019-05-27,130.91
2019-05-28,158.32
2019-05-29,149.94
2019-05-30,106.51
2019-05-31,80.85
2019-06-01,96.69
2019-06-02,77.46
2019-06-03,149.3
2019-06-04,174.82
2019-06-05,166.42
2019-06-06,158.08
2019-06-07,140.64
2019-06-08,91.86
2019-06-09,120.62
2019-06-10,159.26
2019-06-11,180.9
2019-06-12,186.79
2019-06-13,181.44
2019-06-14,179.07
2019-06-15,125.08
2019-06-16,108.98
2019-06-17,179.26
2019-06-18,209.63
2019-06-19,215.91
2019-06-20,195.46
2019-06-21,205.38
2019-06-22,134.44
2019-06-23,111.22
2019-06-24,193.36
2019-06-25,207.04
2019-06-26,203.44
2019-06-27,197.89
2019-06-28,197.99
2019-06-29,139.63
2019-06-30,105.1
2019-07-01,181.26
2019-07-02,206.42
2019-07-03,209.69
2019-07-04,198.14
2019-07-05,202.6
2019-07-06,139.83
2019-07-07,131.72
2019-07-08,215.37
2019-07-09,226.37
2019-07-10,216.98
2019-07-11,223.56
2019-07-12,205.5
2019-07-13,135.83
2019-07-14,123.5
2019-07-15,206.1
2019-07-16,205.81
2019-07-17,211.41
2019-07-18,218.08
2019-07-19,210.17
2019-07-20,134.68
2019-07-21,123.27
2019-07-22,196.46
2019-07-23,226.37
2019-07-24,244.57
2019-07-25,243.12
2019-07-26,232.82
2019-07-27,165.87
2019-07-28,131.71
2019-07-29,207.68
2019-07-30,198.04
2019-07-31,204.06
2019-08-01,223.57
2019-08-02,210.33
2019-08-03,159.43
2019-08-04,136.97
2019-08-05,182.82
2019-08-06,185.0
2019-08-07,178.93
2019-08-08,185.89
2019-08-09,159.69
2019-08-10,104.91
2019-08-11,108.27
2019-08-12,180.4
2019-08-13,173.78
2019-08-14,147.11
2019-08-15,106.05
2019-08-16,120.21
2019-08-17,98.21
2019-08-18,95.09
2019-08-19,153.0
2019-08-20,191.56
2019-08-21,175.41
2019-08-22,158.55
2019-08-23,165.33
2019-08-24,141.32
2019-08-25,147.71
2019-08-26,211.73
2019-08-27,231.8
2019-08-28,227.65
2019-08-29,202.04
2019-08-30,190.21
2019-08-31,141.72
2019-09-01,140.24
2019-09-02,187.05
2019-09-03,188.59
2019-09-04,177.58
2019-09-05,182.65
2019-09-06,177.16
2019-09-07,154.45
2019-09-08,146.08
2019-09-09,213.07
2019-09-10,198.28
2019-09-11,171.92
2019-09-12,181.79
2019-09-13,192.03
2019-09-14,135.63
2019-09-15,131.61
2019-09-16,211.91
2019-09-17,203.86
2019-09-18,220.69
2019-09-19,223.83
2019-09-20,187.62
2019-09-21,124.76
2019-09-22,136.62
2019-09-23,203.25
2019-09-24,211.77
2019-09-25,208.73
2019-09-26,192.98
2019-09-27,176.59
2019-09-28,111.95
2019-09-29,104.36
2019-09-30,186.36
2019-10-01,204.17
2019-10-02,207.63
2019-10-03,200.25
2019-10-04,188.63
2019-10-05,153.28
2019-10-06,128.4
2019-10-07,191.73
2019-10-08,179.95
2019-10-09,181.09
2019-10-10,177.16
2019-10-11,161.85
2019-10-12,158.29
2019-10-13,143.61
2019-10-14,225.04
2019-10-15,231.31
2019-10-16,216.99
2019-10-17,229.31
2019-10-18,207.89
2019-10-19,165.6
2019-10-20,162.03
2019-10-21,241.16
2019-10-22,238.78
2019-10-23,227.51
2019-10-24,220.21
2019-10-25,196.64
2019-10-26,122.85
2019-10-27,142.88
2019-10-28,247.41
2019-10-29,255.03
2019-10-30,248.07
2019-10-31,237.25
2019-11-01,159.83
2019-11-02,114.44
2019-11-03,122.57
2019-11-04,189.05
2019-11-05,222.69
2019-11-06,242.08
2019-11-07,209.13
2019-11-08,219.16
2019-11-09,162.31
2019-11-10,160.33
2019-11-11,176.33
2019-11-12,195.51
2019-11-13,228.5
2019-11-14,234.41
2019-11-15,217.55
2019-11-16,201.7
2019-11-17,178.45
2019-11-18,242.05
2019-11-19,257.1
2019-11-20,240.78
2019-11-21,232.77
2019-11-22,198.53
2019-11-23,142.33
2019-11-24,153.13
2019-11-25,219.54
2019-11-26,195.43
2019-11-27,170.74
2019-11-28,167.93
2019-11-29,197.0
2019-11-30,178.05
2019-12-01,167.05
2019-12-02,239.39
2019-12-03,246.26
2019-12-04,243.51
2019-12-05,232.86
2019-12-06,186.46
2019-12-07,132.8
2019-12-08,92.67
2019-12-09,186.12
2019-12-10,194.97
2019-12-11,217.88
2019-12-12,233.18
2019-12-13,187.88
2019-12-14,109.36
2019-12-15,109.17
2019-12-16,220.65
2019-12-17,215.61
2019-12-18,190.07
2019-12-19,149.37
2019-12-20,132.97
2019-12-21,110.81
2019-12-22,106.07
2019-12-23,101.61
2019-12-24,101.6
2019-12-25,104.99
2019-12-26,100.97
2019-12-27,141.29
2019-12-28,110.88
2019-12-29,99.02
2019-12-30,132.37
2019-12-31,144.63
2020-01-01,88.38
2020-01-02,145.3
2020-01-03,146.61
2020-01-04,134.73
2020-01-05,126.0
2020-01-06,160.13
2020-01-07,192.95
2020-01-08,231.71
2020-01-09,214.06
2020-01-10,207.87
2020-01-11,142.35
2020-01-12,126.55
2020-01-13,203.9
2020-01-14,183.37
2020-01-15,186.72
2020-01-16,198.48
2020-01-17,209.4
2020-01-18,172.73
2020-01-19,180.21
2020-01-20,267.66
2020-01-21,289.03
2020-01-22,292.77
2020-01-23,291.33
2020-01-24,274.7
2020-01-25,205.67
2020-01-26,170.92
2020-01-27,214.75
2020-01-28,187.17
2020-01-29,184.56
2020-01-30,179.97
2020-01-31,163.4
2020-02-01,120.96
2020-02-02,101.69
2020-02-03,159.81
2020-02-04,171.33
2020-02-05,226.93
2020-02-06,233.17
2020-02-07,205.38
2020-02-08,141.82
2020-02-09,99.46
2020-02-10,133.72
2020-02-11,134.56
2020-02-12,185.83
2020-02-13,221.48
2020-02-14,189.77
2020-02-15,97.6
2020-02-16,89.93
2020-02-17,150.04
2020-02-18,158.54
2020-02-19,181.04
2020-02-20,165.18
2020-02-21,155.78
2020-02-22,100.47
2020-02-23,105.01
2020-02-24,161.57
2020-02-25,168.06
2020-02-26,199.69
2020-02-27,220.47
2020-02-28,185.14
2020-02-29,99.71
2020-03-01,95.31
2020-03-02,208.11
2020-03-03,229.21
2020-03-04,251.43
2020-03-05,226.14
2020-03-06,209.96
2020-03-07,130.54
2020-03-08,101.11
2020-03-09,195.4
2020-03-10,154.11
2020-03-11,154.99
2020-03-12,131.32
2020-03-13,176.38
2020-03-14,122.12
2020-03-15,109.75
2020-03-16,176.14
2020-03-17,165.04
2020-03-18,165.99
2020-03-19,190.59
2020-03-20,134.57
2020-03-21,90.43
2020-03-22,94.04
2020-03-23,105.97
2020-03-24,102.96
2020-03-25,136.37
2020-03-26,129.85
2020-03-27,114.31
2020-03-28,93.51
2020-03-29,93.04
2020-03-30,144.19
2020-03-31,164.64
2020-04-01,151.71
2020-04-02,119.37
2020-04-03,134.23
2020-04-04,98.76
2020-04-05,81.31
2020-04-06,107.31
2020-04-07,121.48
2020-04-08,135.13
2020-04-09,124.25
2020-04-10,112.29
2020-04-11,102.18
2020-04-12,88.13
2020-04-13,87.88
2020-04-14,115.19
2020-04-15,108.48
2020-04-16,118.71
2020-04-17,113.52
2020-04-18,108.38
2020-04-19,83.37
2020-04-20,94.91
2020-04-21,93.37
2020-04-22,101.05
2020-04-23,134.77
2020-04-24,118.96
2020-04-25,102.36
2020-04-26,105.19
2020-04-27,140.33
2020-04-28,144.55
2020-04-29,115.24
2020-04-30,97.8
2020-05-01,81.73
2020-05-02,90.8
2020-05-03,106.61
2020-05-04,121.2
2020-05-05,116.48
2020-05-06,131.07
2020-05-07,145.19
2020-05-08,137.79
2020-05-09,113.3
2020-05-10,79.38
2020-05-11,98.81
2020-05-12,137.0
2020-05-13,155.2
2020-05-14,138.1
2020-05-15,123.16
2020-05-16,91.29
2020-05-17,78.16
2020-05-18,117.45
2020-05-19,155.11
2020-05-20,152.73
2020-05-21,113.65
2020-05-22,97.22
2020-05-23,78.18
2020-05-24,76.13
2020-05-25,118.97
2020-05-26,151.66
2020-05-27,146.74
2020-05-28,132.53
2020-05-29,131.47
2020-05-30,93.88
2020-05-31,84.46
2020-06-01,108.1
2020-06-02,153.3
2020-06-03,155.3
2020-06-04,151.11
2020-06-05,112.06
2020-06-06,79.05
2020-06-07,99.64
2020-06-08,190.48
2020-06-09,207.12
2020-06-10,197.47
2020-06-11,147.66
2020-06-12,146.25
2020-06-13,123.74
2020-06-14,123.76
2020-06-15,195.77
2020-06-16,222.75
2020-06-17,215.64
2020-06-18,207.24
2020-06-19,183.26
2020-06-20,121.97
2020-06-21,102.72
2020-06-22,162.46
2020-06-23,198.38
2020-06-24,215.27
2020-06-25,207.54
2020-06-26,201.65
2020-06-27,136.69
2020-06-28,111.82
2020-06-29,167.3
2020-06-30,191.62
2020-07-01,212.3
2020-07-02,224.97
2020-07-03,173.85
2020-07-04,97.49
2020-07-05,80.37
2020-07-06,150.27
2020-07-07,207.11
2020-07-08,226.29
2020-07-09,225.61
2020-07-10,208.07
2020-07-11,162.98
2020-07-12,135.43
2020-07-13,195.95
2020-07-14,220.26
2020-07-15,227.81
2020-07-16,219.37
2020-07-17,208.26
2020-07-18,158.68
2020-07-19,146.16
2020-07-20,211.26
2020-07-21,226.67
2020-07-22,222.19
2020-07-23,224.05
2020-07-24,208.73
2020-07-25,151.14
2020-07-26,123.73
2020-07-27,195.72
2020-07-28,181.49
2020-07-29,206.79
2020-07-30,221.37
2020-07-31,201.18
2020-08-01,174.53
2020-08-02,160.9
2020-08-03,210.77
2020-08-04,185.48
2020-08-05,171.44
2020-08-06,197.93
2020-08-07,195.5
2020-08-08,153.42
2020-08-09,133.76
2020-08-10,201.55
2020-08-11,218.6
2020-08-12,211.36
2020-08-13,211.12
2020-08-14,207.0
2020-08-15,175.33
2020-08-16,167.01
2020-08-17,210.21
2020-08-18,210.06
2020-08-19,194.38
2020-08-20,173.86
2020-08-21,151.76
2020-08-22,123.35
2020-08-23,138.43
2020-08-24,213.08
2020-08-25,179.96
2020-08-26,194.85
2020-08-27,216.02
2020-08-28,194.51
2020-08-29,142.86
2020-08-30,152.97
2020-08-31,218.5
2020-09-01,221.49
2020-09-02,205.84
2020-09-03,185.03
2020-09-04,172.01
2020-09-05,123.99
2020-09-06,150.89
2020-09-07,194.49
2020-09-08,196.98
2020-09-09,209.29
2020-09-10,228.08
2020-09-11,194.75
2020-09-12,127.96
2020-09-13,115.58
2020-09-14,222.87
2020-09-15,232.43
2020-09-16,210.62
2020-09-17,199.82
2020-09-18,184.54
2020-09-19,147.58
2020-09-20,163.72
2020-09-21,231.71
2020-09-22,217.98
2020-09-23,216.75
2020-09-24,185.02
2020-09-25,149.11
2020-09-26,99.59
2020-09-27,122.02
2020-09-28,214.53
2020-09-29,223.66
2020-09-30,204.88
2020-10-01,210.49
2020-10-02,162.95
2020-10-03,109.57
2020-10-04,96.16
2020-10-05,165.95
2020-10-06,149.25
2020-10-07,159.63
2020-10-08,156.17
2020-10-09,171.17
2020-10-10,105.93
2020-10-11,120.26
2020-10-12,204.87
2020-10-13,198.04
2020-10-14,183.54
2020-10-15,217.26
2020-10-16,225.29
2020-10-17,185.32
2020-10-18,151.9
2020-10-19,183.97
2020-10-20,152.92
2020-10-21,160.91
2020-10-22,176.16
2020-10-23,178.39
2020-10-24,91.95
2020-10-25,90.18
2020-10-26,146.13
2020-10-27,143.67
2020-10-28,131.63
2020-10-29,149.48
2020-10-30,151.83
2020-10-31,96.66
2020-11-01,86.79
2020-11-02,128.26
2020-11-03,187.0
2020-11-04,211.58
2020-11-05,205.78
2020-11-06,189.59
2020-11-07,148.9
2020-11-08,133.19
2020-11-09,220.83
2020-11-10,222.37
2020-11-11,193.33
2020-11-12,182.23
2020-11-13,189.43
2020-11-14,123.85
2020-11-15,103.58
2020-11-16,162.04
2020-11-17,161.44
2020-11-18,153.27
2020-11-19,176.42
2020-11-20,199.27
2020-11-21,132.92
2020-11-22,152.83
2020-11-23,217.67
2020-11-24,210.84
2020-11-25,256.56
2020-11-26,275.19
2020-11-27,267.08
2020-11-28,234.24
2020-11-29,224.67
2020-11-30,242.3
2020-12-01,273.71
2020-12-02,276.82
2020-12-03,253.4
2020-12-04,211.87
2020-12-05,212.1
2020-12-06,222.94
2020-12-07,261.32
2020-12-08,254.02
2020-12-09,271.2
2020-12-10,253.62
2020-12-11,253.06
2020-12-12,212.62
2020-12-13,151.73
2020-12-14,192.88
2020-12-15,232.76
2020-12-16,220.08
2020-12-17,207.92
2020-12-18,175.58
2020-12-19,119.93
2020-12-20,136.07
2020-12-21,186.31
2020-12-22,200.29
2020-12-23,151.82
2020-12-24,109.32
2020-12-25,118.39
2020-12-26,93.64
2020-12-27,105.34
2020-12-28,174.68
2020-12-29,178.75
2020-12-30,182.01
2020-12-31,165.93
2021-01-01,155.23
2021-01-02,173.36
2021-01-03,150.38
2021-01-04,221.77
2021-01-05,240.73
2021-01-06,246.26
2021-01-07,277.31
2021-01-08,281.24
2021-01-09,229.02
2021-01-10,209.23
2021-01-11,222.01
2021-01-12,234.31
2021-01-13,219.51
2021-01-14,242.94
2021-01-15,257.02
2021-01-16,180.75
2021-01-17,180.88
2021-01-18,233.62
2021-01-19,202.5
2021-01-20,189.81
2021-01-21,158.98
2021-01-22,200.11
2021-01-23,163.89
2021-01-24,152.71
2021-01-25,226.32
2021-01-26,229.35
2021-01-27,242.7
2021-01-28,201.68
2021-01-29,156.73
2021-01-30,138.25
2021-01-31,146.09
2021-02-01,228.0
2021-02-02,193.65
2021-02-03,175.04
2021-02-04,205.92
2021-02-05,191.83
2021-02-06,119.89
2021-02-07,107.62
2021-02-08,195.14
2021-02-09,223.31
2021-02-10,253.91
2021-02-11,252.29
2021-02-12,234.76
2021-02-13,169.09
2021-02-14,132.38
2021-02-15,194.29
2021-02-16,191.58
2021-02-17,175.97
2021-02-18,170.34
2021-02-19,164.86
2021-02-20,106.1
2021-02-21,122.94
2021-02-22,201.06
2021-02-23,155.24
2021-02-24,142.46
2021-02-25,182.13
2021-02-26,198.66
2021-02-27,162.29
2021-02-28,155.77
2021-03-01,231.56
2021-03-02,249.12
2021-03-03,253.37
2021-03-04,246.7
2021-03-05,240.48
2021-03-06,176.76
2021-03-07,176.6
2021-03-08,242.54
2021-03-09,238.52
2021-03-10,176.48
2021-03-11,128.68
2021-03-12,116.47
2021-03-13,86.28
2021-03-14,90.36
2021-03-15,162.21
2021-03-16,179.97
2021-03-17,218.18
2021-03-18,233.7
2021-03-19,221.56
2021-03-20,165.55
2021-03-21,141.98
2021-03-22,222.86
2021-03-23,203.54
2021-03-24,194.59
2021-03-25,177.89
2021-03-26,136.9
2021-03-27,99.62
2021-03-28,89.91
2021-03-29,127.01
2021-03-30,166.19
2021-03-31,181.52
2021-04-01,152.51
2021-04-02,111.46
2021-04-03,112.03
2021-04-04,82.66
2021-04-05,87.93
2021-04-06,145.03
2021-04-07,209.58
2021-04-08,190.89
2021-04-09,204.07
2021-04-10,185.46
2021-04-11,151.61
2021-04-12,250.22
2021-04-13,245.19
2021-04-14,244.27
2021-04-15,249.04
2021-04-16,227.02
2021-04-17,178.7
2021-04-18,196.22
2021-04-19,255.1
2021-04-20,247.01
2021-04-21,209.72
2021-04-22,206.31
2021-04-23,183.44
2021-04-24,123.19
2021-04-25,113.57
2021-04-26,189.93
2021-04-27,193.11
2021-04-28,189.09
2021-04-29,206.53
2021-04-30,210.12
2021-05-01,139.54
2021-05-02,129.88
2021-05-03,130.92
2021-05-04,122.52
2021-05-05,148.58
2021-05-06,184.6
2021-05-07,164.44
2021-05-08,94.52
2021-05-09,84.48
2021-05-10,125.46
2021-05-11,157.91
2021-05-12,152.12
2021-05-13,130.24
2021-05-14,137.56
2021-05-15,115.23
2021-05-16,111.7
2021-05-17,149.05
2021-05-18,151.68
2021-05-19,155.66
2021-05-20,118.68
2021-05-21,97.6
2021-05-22,93.81
2021-05-23,77.37
2021-05-24,115.5
2021-05-25,126.07
2021-05-26,149.01
2021-05-27,159.7
2021-05-28,160.07
2021-05-29,112.74
2021-05-30,92.54
2021-05-31,115.42
2021-06-01,129.58
2021-06-02,113.67
2021-06-03,131.25
2021-06-04,150.78
2021-06-05,106.19
2021-06-06,109.67
2021-06-07,169.6
2021-06-08,164.43
2021-06-09,152.62
2021-06-10,150.95
2021-06-11,131.38
2021-06-12,91.79
2021-06-13,82.78
2021-06-14,138.7
2021-06-15,162.97
2021-06-16,187.51
2021-06-17,185.67
2021-06-18,171.47
2021-06-19,123.05
2021-06-20,110.7
2021-06-21,161.72
2021-06-22,189.18
2021-06-23,205.45
2021-06-24,196.56
2021-06-25,175.53
2021-06-26,124.86
2021-06-27,118.67
2021-06-28,194.13
2021-06-29,196.91
2021-06-30,191.45
2021-07-01,186.06
2021-07-02,180.9
2021-07-03,122.45
2021-07-04,114.42
2021-07-05,166.99
2021-07-06,147.48
2021-07-07,182.37
2021-07-08,208.05
2021-07-09,191.02
2021-07-10,128.56
2021-07-11,116.59
2021-07-12,191.07
2021-07-13,181.75
2021-07-14,144.75
2021-07-15,159.06
2021-07-16,148.45
2021-07-17,104.19
2021-07-18,102.84
2021-07-19,171.81
2021-07-20,181.63
2021-07-21,199.36
2021-07-22,196.23
2021-07-23,180.44
2021-07-24,129.71
2021-07-25,125.93
2021-07-26,184.22
2021-07-27,184.8
2021-07-28,149.42
2021-07-29,138.41
2021-07-30,154.68
2021-07-31,115.83
2021-08-01,108.58
2021-08-02,155.72
2021-08-03,162.25
2021-08-04,155.83
2021-08-05,114.44
2021-08-06,106.45
2021-08-07,93.44
2021-08-08,81.6
2021-08-09,125.31
2021-08-10,142.14
2021-08-11,140.37
2021-08-12,137.24
2021-08-13,110.43
2021-08-14,111.06
2021-08-15,106.98
2021-08-16,113.73
2021-08-17,111.02
2021-08-18,124.61
2021-08-19,145.69
2021-08-20,141.93
2021-08-21,124.48
2021-08-22,116.12
2021-08-23,148.78
2021-08-24,151.81
2021-08-25,141.44
2021-08-26,139.11
2021-08-27,141.11
2021-08-28,100.94
2021-08-29,93.67
2021-08-30,143.47
2021-08-31,167.63
2021-09-01,176.48
2021-09-02,175.1
2021-09-03,166.23
2021-09-04,131.47
2021-09-05,120.49
2021-09-06,188.59
2021-09-07,193.08
2021-09-08,190.55
2021-09-09,203.66
2021-09-10,198.82
2021-09-11,136.47
2021-09-12,132.37
2021-09-13,196.95
2021-09-14,210.15
2021-09-15,215.92
2021-09-16,194.06
2021-09-17,177.42
2021-09-18,129.77
2021-09-19,125.47
2021-09-20,184.67
2021-09-21,176.13
2021-09-22,149.73
2021-09-23,139.97
2021-09-24,143.01
2021-09-25,139.93
2021-09-26,107.61
2021-09-27,151.33
2021-09-28,173.24
2021-09-29,146.31
2021-09-30,138.26
2021-10-01,126.06
2021-10-02,103.46
2021-10-03,90.66
2021-10-04,162.39
2021-10-05,129.04
2021-10-06,154.83
2021-10-07,175.52
2021-10-08,171.4
2021-10-09,119.42
2021-10-10,106.18
2021-10-11,164.87
2021-10-12,183.91
2021-10-13,187.26
2021-10-14,150.26
2021-10-15,171.13
2021-10-16,135.77
2021-10-17,114.28
2021-10-18,175.47
2021-10-19,152.19
2021-10-20,140.84
2021-10-21,138.76
2021-10-22,177.18
2021-10-23,130.06
2021-10-24,85.64
2021-10-25,187.79
2021-10-26,175.74
2021-10-27,159.95
2021-10-28,158.82
2021-10-29,143.66
2021-10-30,115.93
2021-10-31,93.92
2021-11-01,125.29
2021-11-02,232.05
2021-11-03,224.91
2021-11-04,209.32
2021-11-05,204.84
2021-11-06,118.02
2021-11-07,121.18
2021-11-08,229.22
2021-11-09,229.59
2021-11-10,249.79
2021-11-11,244.39
2021-11-12,196.58
2021-11-13,183.98
2021-11-14,168.29
2021-11-15,257.1
2021-11-16,243.94
2021-11-17,208.2
2021-11-18,189.97
2021-11-19,195.21
2021-11-20,170.78
2021-11-21,156.18
2021-11-22,250.19
2021-11-23,267.58
2021-11-24,274.8
2021-11-25,256.11
2021-11-26,204.2
2021-11-27,180.81
2021-11-28,189.71
2021-11-29,249.89
2021-11-30,202.77
2021-12-01,192.81
2021-12-02,248.06
2021-12-03,228.27
2021-12-04,171.35
2021-12-05,188.6
2021-12-06,249.16
2021-12-07,225.22
2021-12-08,201.07
2021-12-09,245.02
2021-12-10,235.92
2021-12-11,197.14
2021-12-12,145.2
2021-12-13,247.22
2021-12-14,236.49
2021-12-15,247.49
2021-12-16,270.13
2021-12-17,262.2
2021-12-18,212.74
2021-12-19,210.48
2021-12-20,287.59
2021-12-21,299.54
2021-12-22,272.73
2021-12-23,205.12
2021-12-24,140.47
2021-12-25,93.48
2021-12-26,112.26
2021-12-27,136.46
2021-12-28,119.0
2021-12-29,94.21
2021-12-30,78.33
2021-12-31,81.23
2022-01-01,69.26
2022-01-02,76.05
2022-01-03,116.83
2022-01-04,148.91
2022-01-05,158.25
2022-01-06,165.78
2022-01-07,153.74
2022-01-08,116.05
2022-01-09,152.27
2022-01-10,262.9
2022-01-11,273.67
2022-01-12,279.25
2022-01-13,267.15
2022-01-14,270.95
2022-01-15,225.1
2022-01-16,175.45
2022-01-17,250.07
2022-01-18,276.47
2022-01-19,243.38
2022-01-20,249.58
2022-01-21,253.36
2022-01-22,224.02
2022-01-23,213.06
2022-01-24,292.52
2022-01-25,298.98
2022-01-26,252.88
2022-01-27,229.06
2022-01-28,206.14
2022-01-29,130.96
2022-01-30,137.58
2022-01-31,197.15
2022-02-01,179.38
2022-02-02,211.56
2022-02-03,212.28
2022-02-04,177.07
2022-02-05,124.83
2022-02-06,98.46
2022-02-07,170.03
2022-02-08,174.09
2022-02-09,195.85
2022-02-10,215.56
2022-02-11,216.37
2022-02-12,136.27
2022-02-13,114.21
2022-02-14,175.67
2022-02-15,171.94
2022-02-16,143.48
2022-02-17,146.34
2022-02-18,137.95
2022-02-19,116.16
2022-02-20,84.81
2022-02-21,142.41
2022-02-22,135.88
2022-02-23,142.49
2022-02-24,129.29
2022-02-25,152.15
2022-02-26,105.25
2022-02-27,85.69
2022-02-28,187.31
2022-03-01,223.34
2022-03-02,219.84
2022-03-03,209.52
2022-03-04,204.58
2022-03-05,130.22
2022-03-06,139.84
2022-03-07,194.08
2022-03-08,165.24
2022-03-09,165.26
2022-03-10,159.25
2022-03-11,152.44
2022-03-12,116.71
2022-03-13,123.46
2022-03-14,225.43
2022-03-15,245.48
2022-03-16,224.48
2022-03-17,201.78
2022-03-18,170.32
2022-03-19,98.65
2022-03-20,132.99
2022-03-21,207.05
2022-03-22,211.9
2022-03-23,228.01
2022-03-24,225.6
2022-03-25,199.21
2022-03-26,138.34
2022-03-27,149.35
2022-03-28,225.15
2022-03-29,241.42
2022-03-30,227.32
2022-03-31,182.82
2022-04-01,196.77
2022-04-02,177.32
2022-04-03,160.81
2022-04-04,182.06
2022-04-05,180.66
2022-04-06,153.6
2022-04-07,129.74
2022-04-08,163.87
2022-04-09,131.32
2022-04-10,118.5
2022-04-11,142.76
2022-04-12,175.54
2022-04-13,189.65
2022-04-14,185.06
2022-04-15,133.17
2022-04-16,83.92
2022-04-17,67.11
2022-04-18,115.19
2022-04-19,192.58
2022-04-20,185.81
2022-04-21,164.13
2022-04-22,136.65
2022-04-23,79.7
2022-04-24,89.79
2022-04-25,185.16
2022-04-26,219.7
2022-04-27,214.99
2022-04-28,188.12
2022-04-29,193.71
2022-04-30,153.92
2022-05-01,140.66
2022-05-02,184.91
2022-05-03,198.04
2022-05-04,196.89
2022-05-05,191.53
2022-05-06,177.82
2022-05-07,132.96
2022-05-08,116.6
2022-05-09,152.76
2022-05-10,134.46
2022-05-11,143.21
2022-05-12,146.39
2022-05-13,126.89
2022-05-14,129.28
2022-05-15,104.24
2022-05-16,163.13
2022-05-17,166.17
2022-05-18,152.63
2022-05-19,167.75
2022-05-20,149.98
2022-05-21,107.27
2022-05-22,110.47
2022-05-23,158.89
2022-05-24,157.82
2022-05-25,124.78
2022-05-26,110.93
2022-05-27,114.4
2022-05-28,95.08
2022-05-29,99.27
2022-05-30,179.55
2022-05-31,208.26
2022-06-01,182.77
2022-06-02,150.48
2022-06-03,152.51
2022-06-04,113.98
2022-06-05,110.71
2022-06-06,156.55
2022-06-07,181.55
2022-06-08,170.6
2022-06-09,161.41
2022-06-10,114.49
2022-06-11,69.97
2022-06-12,75.05
2022-06-13,160.03
2022-06-14,184.25
2022-06-15,184.72
2022-06-16,175.93
2022-06-17,145.36
2022-06-18,110.33
2022-06-19,106.8
2022-06-20,179.32
2022-06-21,193.5
2022-06-22,196.4
2022-06-23,199.34
2022-06-24,158.15
2022-06-25,97.84
2022-06-26,101.78
2022-06-27,192.51
2022-06-28,185.02
2022-06-29,195.01
2022-06-30,226.43
2022-07-01,187.62
2022-07-02,127.12
2022-07-03,132.62
2022-07-04,178.93
2022-07-05,178.6
2022-07-06,162.05
2022-07-07,179.12
2022-07-08,143.74
2022-07-09,105.39
2022-07-10,113.47
2022-07-11,199.26
2022-07-12,204.32
2022-07-13,199.82
2022-07-14,183.77
2022-07-15,184.85
2022-07-16,145.19
2022-07-17,144.44
2022-07-18,224.38
2022-07-19,237.74
2022-07-20,220.51
2022-07-21,248.15
2022-07-22,240.32
2022-07-23,166.51
2022-07-24,130.68
2022-07-25,179.81
2022-07-26,222.12
2022-07-27,231.12
2022-07-28,224.42
2022-07-29,207.66
2022-07-30,147.83
2022-07-31,135.62
2022-08-01,181.88
2022-08-02,152.83
2022-08-03,185.52
2022-08-04,204.75
2022-08-05,180.45
2022-08-06,116.16
2022-08-07,115.41
2022-08-08,170.76
2022-08-09,165.23
2022-08-10,157.09
2022-08-11,159.98
2022-08-12,157.13
2022-08-13,125.55
2022-08-14,111.52
2022-08-15,140.67
2022-08-16,177.37
2022-08-17,194.23
2022-08-18,180.09
2022-08-19,162.46
2022-08-20,107.9
2022-08-21,116.24
2022-08-22,183.1
2022-08-23,185.16
2022-08-24,187.89
2022-08-25,190.23
2022-08-26,186.66
2022-08-27,155.47
2022-08-28,132.87
2022-08-29,199.3
2022-08-30,201.05
2022-08-31,220.76
2022-09-01,190.46
2022-09-02,178.68
2022-09-03,130.54
2022-09-04,120.55
2022-09-05,182.04
2022-09-06,188.15
2022-09-07,199.64
2022-09-08,178.49
2022-09-09,166.98
2022-09-10,133.77
2022-09-11,127.3
2022-09-12,177.66
2022-09-13,193.69
2022-09-14,191.05
2022-09-15,152.01
2022-09-16,109.76
2022-09-17,76.45
2022-09-18,81.78
2022-09-19,165.99
2022-09-20,196.07
2022-09-21,181.57
2022-09-22,171.46
2022-09-23,170.99
2022-09-24,128.5
2022-09-25,99.84
2022-09-26,131.62
2022-09-27,159.54
2022-09-28,184.35
2022-09-29,196.31
2022-09-30,139.07
2022-10-01,67.41
2022-10-02,96.03
2022-10-03,158.2
2022-10-04,148.17
2022-10-05,124.93
2022-10-06,134.98
2022-10-07,116.96
2022-10-08,109.38
2022-10-09,86.69
2022-10-10,158.3
2022-10-11,196.48
2022-10-12,204.74
2022-10-13,206.96
2022-10-14,188.93
2022-10-15,108.63
2022-10-16,106.14
2022-10-17,178.14
2022-10-18,209.95
2022-10-19,183.49
2022-10-20,197.97
2022-10-21,190.4
2022-10-22,144.48
2022-10-23,121.62
2022-10-24,164.48
2022-10-25,193.88
2022-10-26,172.31
2022-10-27,166.58
2022-10-28,161.16
2022-10-29,142.9
2022-10-30,123.39
2022-10-31,147.37
2022-11-01,93.58
2022-11-02,145.67
2022-11-03,178.09
2022-11-04,168.48
2022-11-05,114.9
2022-11-06,84.62
2022-11-07,136.66
2022-11-08,134.39
2022-11-09,150.83
2022-11-10,146.07
2022-11-11,140.74
2022-11-12,149.22
2022-11-13,132.09
2022-11-14,181.74
2022-11-15,169.07
2022-11-16,143.99
2022-11-17,138.53
2022-11-18,161.1
2022-11-19,143.89
2022-11-20,143.62
2022-11-21,185.14
2022-11-22,184.57
2022-11-23,149.34
2022-11-24,159.47
2022-11-25,175.76
2022-11-26,117.5
2022-11-27,125.95
2022-11-28,240.1
2022-11-29,257.72
2022-11-30,253.39
2022-12-01,260.7
2022-12-02,216.69
2022-12-03,167.77
2022-12-04,153.18
2022-12-05,233.96
2022-12-06,251.29
2022-12-07,254.32
2022-12-08,242.65
2022-12-09,241.31
2022-12-10,217.26
2022-12-11,217.89
2022-12-12,280.85
2022-12-13,270.84
2022-12-14,264.85
2022-12-15,265.23
2022-12-16,240.64
2022-12-17,166.8
2022-12-18,104.75
2022-12-19,137.65
2022-12-20,116.08
2022-12-21,136.83
2022-12-22,150.97
2022-12-23,112.87
2022-12-24,56.31
2022-12-25,52.27
2022-12-26,55.14
2022-12-27,72.49
2022-12-28,71.91
2022-12-29,66.14
2022-12-30,63.14
2022-12-31,80.35
2023-01-01,73.61
2023-01-02,111.3
2023-01-03,112.67
2023-01-04,75.8
2023-01-05,113.62
2023-01-06,87.52
2023-01-07,68.95
2023-01-08,63.72
2023-01-09,89.84
2023-01-10,88.71
2023-01-11,93.72
2023-01-12,94.58
2023-01-13,100.78
2023-01-14,67.32
2023-01-15,79.31
2023-01-16,154.54
2023-01-17,188.48
2023-01-18,196.69
2023-01-19,211.51
2023-01-20,217.1
2023-01-21,151.94
2023-01-22,167.02
2023-01-23,258.93
2023-01-24,261.02
2023-01-25,248.62
2023-01-26,233.7
2023-01-27,231.28
2023-01-28,188.86
2023-01-29,118.32
2023-01-30,174.87
2023-01-31,149.3
2023-02-01,143.46
2023-02-02,160.76
2023-02-03,144.37
2023-02-04,121.7
2023-02-05,107.5
2023-02-06,228.91
2023-02-07,241.14
2023-02-08,210.03
2023-02-09,221.97
2023-02-10,186.24
2023-02-11,164.0
2023-02-12,156.12
2023-02-13,239.23
2023-02-14,220.61
2023-02-15,196.37
2023-02-16,169.73
2023-02-17,135.43
2023-02-18,90.32
2023-02-19,99.03
2023-02-20,157.05
2023-02-21,210.96
2023-02-22,228.46
2023-02-23,217.44
2023-02-24,175.07
2023-02-25,121.42
2023-02-26,133.92
2023-02-27,247.22
2023-02-28,257.46
2023-03-01,264.81
2023-03-02,267.6
2023-03-03,252.79
2023-03-04,188.16
2023-03-05,188.93
2023-03-06,236.11
2023-03-07,219.23
2023-03-08,216.44
2023-03-09,176.88
2023-03-10,167.76
2023-03-11,121.54
2023-03-12,78.99
2023-03-13,102.04
2023-03-14,137.03
2023-03-15,167.88
2023-03-16,117.2
2023-03-17,140.39
2023-03-18,111.17
2023-03-19,124.02
2023-03-20,188.11
2023-03-21,149.23
2023-03-22,106.45
2023-03-23,102.89
2023-03-24,82.61
2023-03-25,72.32
2023-03-26,78.07
2023-03-27,151.28
2023-03-28,142.14
2023-03-29,138.3
2023-03-30,107.34
2023-03-31,110.51
2023-04-01,80.65
2023-04-02,103.04
2023-04-03,146.29
2023-04-04,175.16
2023-04-05,196.01
2023-04-06,163.17
2023-04-07,153.46
2023-04-08,124.13
2023-04-09,92.26
2023-04-10,65.44
2023-04-11,122.29
2023-04-12,127.76
2023-04-13,149.75
2023-04-14,170.83
2023-04-15,115.6
2023-04-16,129.44
2023-04-17,183.36
2023-04-18,142.8
2023-04-19,129.37
2023-04-20,150.67
2023-04-21,154.36
2023-04-22,112.71
2023-04-23,88.94
2023-04-24,118.5
2023-04-25,151.84
2023-04-26,185.96
2023-04-27,170.37
2023-04-28,157.47
2023-04-29,114.42
2023-04-30,88.42
2023-05-01,99.1
2023-05-02,162.97
2023-05-03,129.96
2023-05-04,115.49
2023-05-05,145.35
2023-05-06,111.22
2023-05-07,92.87
2023-05-08,140.56
2023-05-09,162.18
2023-05-10,164.16
2023-05-11,163.22
2023-05-12,122.68
2023-05-13,91.24
2023-05-14,94.81
2023-05-15,119.58
2023-05-16,123.48
2023-05-17,141.15
2023-05-18,127.13
2023-05-19,124.42
2023-05-20,73.49
2023-05-21,71.18
2023-05-22,118.31
2023-05-23,128.4
2023-05-24,150.25
2023-05-25,125.8
2023-05-26,105.89
2023-05-27,77.91
2023-05-28,60.94
2023-05-29,80.45
2023-05-30,119.05
2023-05-31,125.28
2023-06-01,121.75
2023-06-02,104.74
2023-06-03,80.79
2023-06-04,90.23
2023-06-05,155.73
2023-06-06,166.31
2023-06-07,160.11
2023-06-08,128.76
2023-06-09,107.8
2023-06-10,78.42
2023-06-11,95.82
2023-06-12,141.69
2023-06-13,140.94
2023-06-14,154.82
2023-06-15,162.87
2023-06-16,147.26
2023-06-17,110.8
2023-06-18,101.5
2023-06-19,168.39
2023-06-20,192.01
2023-06-21,193.0
2023-06-22,184.76
2023-06-23,142.81
2023-06-24,97.65
2023-06-25,87.69
2023-06-26,134.32
2023-06-27,166.07
2023-06-28,190.72
2023-06-29,188.81
2023-06-30,143.66
2023-07-01,70.07
2023-07-02,70.62
2023-07-03,104.85
2023-07-04,142.26
2023-07-05,126.76
2023-07-06,156.82
2023-07-07,128.87
2023-07-08,101.22
2023-07-09,114.29
2023-07-10,200.07
2023-07-11,194.74
2023-07-12,183.11
2023-07-13,191.44
2023-07-14,161.61
2023-07-15,92.8
2023-07-16,103.37
2023-07-17,177.09
2023-07-18,218.37
2023-07-19,221.77
2023-07-20,217.41
2023-07-21,195.1
2023-07-22,104.96
2023-07-23,98.99
2023-07-24,174.68
2023-07-25,171.86
2023-07-26,141.28
2023-07-27,141.73
2023-07-28,147.19
2023-07-29,92.52
2023-07-30,76.45
2023-07-31,118.73
2023-08-01,119.64
2023-08-02,107.8
2023-08-03,122.69
2023-08-04,144.36
2023-08-05,95.82
2023-08-06,63.54
2023-08-07,98.96
2023-08-08,113.54
2023-08-09,149.61
2023-08-10,138.51
2023-08-11,102.02
2023-08-12,75.06
2023-08-13,91.16
2023-08-14,127.6
2023-08-15,141.63
2023-08-16,161.45
2023-08-17,131.62
2023-08-18,129.45
2023-08-19,92.93
2023-08-20,106.19
2023-08-21,176.09
2023-08-22,207.52
2023-08-23,222.43
2023-08-24,225.83
2023-08-25,211.65
2023-08-26,139.27
2023-08-27,113.04
2023-08-28,169.93
2023-08-29,170.93
2023-08-30,154.42
2023-08-31,166.61
2023-09-01,172.59
2023-09-02,117.91
2023-09-03,86.18
2023-09-04,133.64
2023-09-05,159.57
2023-09-06,178.97
2023-09-07,175.98
2023-09-08,181.76
2023-09-09,129.32
2023-09-10,126.14
2023-09-11,199.54
2023-09-12,205.79
2023-09-13,180.87
2023-09-14,191.37
2023-09-15,165.0
2023-09-16,113.65
2023-09-17,98.7
2023-09-18,121.85
2023-09-19,119.36
2023-09-20,131.58
2023-09-21,147.73
2023-09-22,129.23
2023-09-23,83.51
2023-09-24,59.05
2023-09-25,123.05
2023-09-26,132.73
2023-09-27,134.51
2023-09-28,132.11
2023-09-29,117.95
2023-09-30,97.99
2023-10-01,87.36
2023-10-02,151.15
2023-10-03,103.4
2023-10-04,134.92
2023-10-05,161.1
2023-10-06,125.13
2023-10-07,89.04
2023-10-08,112.46
2023-10-09,202.25
2023-10-10,165.01
2023-10-11,142.69
2023-10-12,187.57
2023-10-13,109.76
2023-10-14,72.95
2023-10-15,84.56
2023-10-16,188.33
2023-10-17,158.88
2023-10-18,127.55
2023-10-19,139.73
2023-10-20,110.75
2023-10-21,84.68
2023-10-22,100.99
2023-10-23,173.93
2023-10-24,171.44
2023-10-25,160.56
2023-10-26,156.46
2023-10-27,123.06
2023-10-28,66.47
2023-10-29,57.31
2023-10-30,129.23
2023-10-31,106.28
2023-11-01,65.35
2023-11-02,93.41
2023-11-03,88.85
2023-11-04,72.69
2023-11-05,65.66
2023-11-06,109.18
2023-11-07,135.11
2023-11-08,118.96
2023-11-09,137.48
2023-11-10,130.44
2023-11-11,114.82
2023-11-12,102.04
2023-11-13,112.6
2023-11-14,127.61
2023-11-15,164.06
2023-11-16,204.5
2023-11-17,179.45
2023-11-18,90.87
2023-11-19,77.6
2023-11-20,173.68
2023-11-21,210.29
2023-11-22,170.78
2023-11-23,126.29
2023-11-24,121.54
2023-11-25,121.5
2023-11-26,164.36
2023-11-27,200.83
2023-11-28,227.01
2023-11-29,268.1
2023-11-30,288.87
2023-12-01,279.61
2023-12-02,217.05
2023-12-03,162.03
2023-12-04,225.69
2023-12-05,256.94
2023-12-06,269.78
2023-12-07,212.36
2023-12-08,176.79
2023-12-09,94.99
2023-12-10,84.78
2023-12-11,180.02
2023-12-12,202.3
2023-12-13,211.91
2023-12-14,235.84
2023-12-15,168.71
2023-12-16,96.39
2023-12-17,90.0
2023-12-18,160.7
2023-12-19,156.09
2023-12-20,122.75
2023-12-21,101.21
2023-12-22,80.4
2023-12-23,62.45
2023-12-24,64.64
2023-12-25,71.39
2023-12-26,95.97
2023-12-27,107.04
2023-12-28,84.63
2023-12-29,98.38
2023-12-30,88.4
2023-12-31,86.39
2024-01-01,80.93
2024-01-02,112.76
2024-01-03,111.85
2024-01-04,161.56
2024-01-05,155.1
2024-01-06,141.96
2024-01-07,137.92
2024-01-08,227.99
2024-01-09,265.47
2024-01-10,309.33
2024-01-11,297.02
2024-01-12,268.62
2024-01-13,193.32
2024-01-14,146.14
2024-01-15,232.61
2024-01-16,270.75
2024-01-17,269.48
2024-01-18,250.59
2024-01-19,219.03
2024-01-20,143.38
2024-01-21,101.95
2024-01-22,139.53
2024-01-23,153.36
2024-01-24,143.31
2024-01-25,177.39
2024-01-26,136.92
2024-01-27,110.23
2024-01-28,86.02
2024-01-29,187.71
2024-01-30,186.6
2024-01-31,163.87
2024-02-01,164.18
2024-02-02,115.83
2024-02-03,80.83
2024-02-04,68.76
2024-02-05,110.92
2024-02-06,133.77
2024-02-07,193.09
2024-02-08,160.39
2024-02-09,121.59
2024-02-10,122.08
2024-02-11,104.83
2024-02-12,171.19
2024-02-13,155.65
2024-02-14,145.87
2024-02-15,153.85
2024-02-16,152.63
2024-02-17,114.58
2024-02-18,93.22
2024-02-19,133.66
2024-02-20,135.5
2024-02-21,117.32
2024-02-22,123.01
2024-02-23,136.16
2024-02-24,132.02
2024-02-25,110.6
2024-02-26,178.09
2024-02-27,218.54
2024-02-28,188.72
2024-02-29,162.08
2024-03-01,144.89
2024-03-02,103.2
2024-03-03,118.8
2024-03-04,183.18
2024-03-05,207.32
2024-03-06,199.3
2024-03-07,154.61
2024-03-08,119.24
2024-03-09,80.68
2024-03-10,84.53
2024-03-11,176.45
2024-03-12,176.08
2024-03-13,143.91
2024-03-14,129.46
2024-03-15,103.86
2024-03-16,84.78
2024-03-17,81.22
2024-03-18,139.9
2024-03-19,150.84
2024-03-20,170.55
2024-03-21,122.43
2024-03-22,105.99
2024-03-23,61.44
2024-03-24,74.9
2024-03-25,134.66
2024-03-26,141.12
2024-03-27,115.61
2024-03-28,87.88
2024-03-29,83.35
2024-03-30,84.36
2024-03-31,68.57
2024-04-01,64.98
2024-04-02,94.48
2024-04-03,113.46
2024-04-04,109.66
2024-04-05,78.6
2024-04-06,61.19
2024-04-07,61.94
2024-04-08,114.22
2024-04-09,73.75
2024-04-10,93.75
2024-04-11,90.55
2024-04-12,71.59
2024-04-13,57.44
2024-04-14,64.85
2024-04-15,71.92
2024-04-16,77.53
2024-04-17,122.19
2024-04-18,112.99
2024-04-19,73.89
2024-04-20,73.3
2024-04-21,82.97
2024-04-22,172.88
2024-04-23,157.24
2024-04-24,155.63
2024-04-25,157.99
2024-04-26,156.69
2024-04-27,100.02
2024-04-28,70.61
2024-04-29,99.69
2024-04-30,83.94
2024-05-01,77.41
2024-05-02,77.22
2024-05-03,91.58
2024-05-04,87.42
2024-05-05,82.36
2024-05-06,124.79
2024-05-07,142.23
2024-05-08,129.34
2024-05-09,93.53
2024-05-10,93.38
2024-05-11,63.72
2024-05-12,60.01
2024-05-13,100.36
2024-05-14,108.84
2024-05-15,129.64
2024-05-16,124.98
2024-05-17,115.86
2024-05-18,81.87
2024-05-19,70.47
2024-05-20,95.17
2024-05-21,106.5
2024-05-22,88.82
2024-05-23,99.22
2024-05-24,132.99
2024-05-25,73.6
2024-05-26,56.73
2024-05-27,97.97
2024-05-28,97.64
2024-05-29,99.62
2024-05-30,85.44
2024-05-31,70.55
2024-06-01,59.76
2024-06-02,59.86
2024-06-03,129.47
2024-06-04,105.34
2024-06-05,93.17
2024-06-06,107.69
2024-06-07,98.24
2024-06-08,69.45
2024-06-09,67.94
2024-06-10,86.21
2024-06-11,105.97
2024-06-12,126.67
2024-06-13,102.47
2024-06-14,83.88
2024-06-15,62.68
2024-06-16,52.18
2024-06-17,114.88
2024-06-18,134.23
2024-06-19,127.03
2024-06-20,144.21
2024-06-21,132.37
2024-06-22,65.56
2024-06-23,77.58
2024-06-24,126.18
2024-06-25,129.01
2024-06-26,130.97
2024-06-27,96.17
2024-06-28,86.39
2024-06-29,76.09
2024-06-30,70.14
2024-07-01,108.76
2024-07-02,98.14
2024-07-03,106.52
2024-07-04,79.41
2024-07-05,88.36
2024-07-06,60.4
2024-07-07,74.05
2024-07-08,135.58
2024-07-09,123.83
2024-07-10,135.95
2024-07-11,168.84
2024-07-12,138.88
2024-07-13,83.25
2024-07-14,86.62
2024-07-15,148.23
2024-07-16,140.27
2024-07-17,153.25
2024-07-18,157.17
2024-07-19,143.44
2024-07-20,100.79
2024-07-21,91.51
2024-07-22,136.18
2024-07-23,151.0
2024-07-24,141.62
2024-07-25,136.69
2024-07-26,135.89
2024-07-27,117.88
2024-07-28,90.23
2024-07-29,132.15
2024-07-30,148.93
2024-07-31,166.38
2024-08-01,162.11
2024-08-02,128.33
2024-08-03,96.53
2024-08-04,79.31
2024-08-05,119.81
2024-08-06,128.24
2024-08-07,120.37
2024-08-08,114.27
2024-08-09,96.76
2024-08-10,80.5
2024-08-11,80.7
2024-08-12,114.8
2024-08-13,124.83
2024-08-14,137.9
2024-08-15,101.94
2024-08-16,122.35
2024-08-17,99.06
2024-08-18,79.83
2024-08-19,101.96
2024-08-20,90.53
2024-08-21,95.35
2024-08-22,95.41
2024-08-23,96.75
2024-08-24,83.43
2024-08-25,80.2
2024-08-26,129.33
2024-08-27,146.57
2024-08-28,155.69
2024-08-29,175.91
2024-08-30,168.54
2024-08-31,98.64
2024-09-01,109.27
2024-09-02,189.52
2024-09-03,209.51
2024-09-04,207.31
2024-09-05,142.35
2024-09-06,154.62
2024-09-07,121.63
2024-09-08,92.82
2024-09-09,118.66
2024-09-10,97.88
2024-09-11,116.84
2024-09-12,133.78
2024-09-13,96.02
2024-09-14,67.38
2024-09-15,76.32
2024-09-16,139.16
2024-09-17,137.62
2024-09-18,136.14
2024-09-19,129.3
2024-09-20,115.84
2024-09-21,93.94
2024-09-22,110.82
2024-09-23,167.37
2024-09-24,130.15
2024-09-25,140.51
2024-09-26,102.19
2024-09-27,84.5
2024-09-28,78.74
2024-09-29,55.08
2024-09-30,106.55
2024-10-01,115.41
2024-10-02,133.06
2024-10-03,126.29
2024-10-04,115.63
2024-10-05,71.74
2024-10-06,77.1
2024-10-07,130.56
2024-10-08,113.38
2024-10-09,95.54
2024-10-10,103.98
2024-10-11,115.96
2024-10-12,63.59
2024-10-13,95.57
2024-10-14,175.13
2024-10-15,128.93
2024-10-16,136.22
2024-10-17,142.5
2024-10-18,128.27
2024-10-19,91.77
2024-10-20,76.06
2024-10-21,133.42
2024-10-22,156.51
2024-10-23,167.05
2024-10-24,140.64
2024-10-25,157.69
2024-10-26,91.11
2024-10-27,79.33
2024-10-28,144.14
2024-10-29,192.43
2024-10-30,181.81
2024-10-31,143.64
2024-11-01,124.19
2024-11-02,125.79
2024-11-03,136.5
2024-11-04,232.72
2024-11-05,254.83
2024-11-06,265.23
2024-11-07,248.67
2024-11-08,235.01
2024-11-09,188.71
2024-11-10,162.32
2024-11-11,201.27
2024-11-12,246.58
2024-11-13,264.62
2024-11-14,248.23
2024-11-15,213.13
2024-11-16,125.03
2024-11-17,101.3
2024-11-18,208.43
2024-11-19,191.6
2024-11-20,174.27
2024-11-21,229.02
2024-11-22,182.09
2024-11-23,109.89
2024-11-24,93.01
2024-11-25,156.38
2024-11-26,231.16
2024-11-27,214.25
2024-11-28,222.33
2024-11-29,189.58
2024-11-30,113.76
2024-12-01,97.68
2024-12-02,206.24
2024-12-03,276.73
2024-12-04,268.81
2024-12-05,160.81
2024-12-06,170.44
2024-12-07,106.38
2024-12-08,89.69
2024-12-09,183.49
2024-12-10,280.85
2024-12-11,335.33
2024-12-12,340.64
2024-12-13,303.77
2024-12-14,144.56
2024-12-15,92.62
2024-12-16,148.31
2024-12-17,191.69
2024-12-18,154.44
2024-12-19,126.5
2024-12-20,111.82
2024-12-21,77.78
2024-12-22,67.1
2024-12-23,109.8
2024-12-24,102.66
2024-12-25,80.62
2024-12-26,131.48
2024-12-27,196.22
2024-12-28,174.84
2024-12-29,123.54
2024-12-30,144.89
2024-12-31,128.25
2025-01-01,90.86
2025-01-02,150.2
2025-01-03,164.12
2025-01-04,176.09
2025-01-05,110.77
2025-01-06,102.88
2025-01-07,142.45
2025-01-08,204.91
2025-01-09,202.73
2025-01-10,215.84
2025-01-11,187.55
2025-01-12,160.94
2025-01-13,239.46
2025-01-14,269.62
2025-01-15,305.72
2025-01-16,289.47
2025-01-17,280.42
2025-01-18,237.79
2025-01-19,237.11
2025-01-20,325.19
2025-01-21,318.97
2025-01-22,290.06
2025-01-23,190.41
2025-01-24,145.99
2025-01-25,110.4
2025-01-26,88.97
2025-01-27,128.61
2025-01-28,138.53
2025-01-29,158.24
2025-01-30,203.54
2025-01-31,230.89
2025-02-01,154.31
2025-02-02,159.46
2025-02-03,243.79
2025-02-04,216.88
2025-02-05,262.0
2025-02-06,251.02
2025-02-07,166.19
2025-02-08,164.36
2025-02-09,144.19
2025-02-10,203.43
2025-02-11,245.29
2025-02-12,280.47
2025-02-13,293.3
2025-02-14,285.24
2025-02-15,193.01
2025-02-16,155.02
2025-02-17,264.54
2025-02-18,221.09
2025-02-19,201.6
2025-02-20,165.94
2025-02-21,136.86
2025-02-22,109.2
2025-02-23,97.98
2025-02-24,151.75
2025-02-25,216.56
2025-02-26,227.29
2025-02-27,244.96
2025-02-28,237.5
2025-03-01,147.52
2025-03-02,106.02
2025-03-03,188.07
2025-03-04,171.37
2025-03-05,157.7
2025-03-06,134.31
2025-03-07,173.58
2025-03-08,107.16
2025-03-09,117.67
2025-03-10,180.82
2025-03-11,221.14
2025-03-12,241.24
2025-03-13,234.8
2025-03-14,213.3
2025-03-15,118.15
2025-03-16,111.47
2025-03-17,164.73
2025-03-18,157.8
2025-03-19,196.12
2025-03-20,172.95
2025-03-21,117.58
2025-03-22,97.83
2025-03-23,114.7
2025-03-24,205.9
2025-03-25,178.92
2025-03-26,183.29
2025-03-27,131.9
2025-03-28,112.36
2025-03-29,82.18
2025-03-30,69.92
2025-03-31,148.22
2025-04-01,113.79
2025-04-02,90.9
2025-04-03,110.6
2025-04-04,108.12
2025-04-05,65.88
2025-04-06,80.49
2025-04-07,151.11
2025-04-08,174.79
2025-04-09,153.82
2025-04-10,136.91
2025-04-11,122.61
2025-04-12,78.19
2025-04-13,79.17
2025-04-14,128.37
2025-04-15,121.05
2025-04-16,111.35
2025-04-17,130.91
2025-04-18,72.75
2025-04-19,62.78
2025-04-20,72.09
2025-04-21,98.58
2025-04-22,137.74
2025-04-23,156.37
2025-04-24,139.44
2025-04-25,113.84
2025-04-26,71.14
2025-04-27,70.51
2025-04-28,129.74
2025-04-29,127.32
2025-04-30,108.4
2025-05-01,87.93
2025-05-02,81.64
2025-05-03,49.38
2025-05-04,54.95
2025-05-05,94.42
2025-05-06,119.38
2025-05-07,126.61
2025-05-08,135.78
2025-05-09,109.56
2025-05-10,68.67
2025-05-11,66.55
2025-05-12,101.88
2025-05-13,110.28
2025-05-14,80.77
2025-05-15,83.43
2025-05-16,74.17
2025-05-17,63.06
2025-05-18,72.28
2025-05-19,117.04
2025-05-20,128.34
2025-05-21,94.36
2025-05-22,90.12
2025-05-23,89.34
2025-05-24,50.66
2025-05-25,53.24
2025-05-26,75.75
2025-05-27,89.18
2025-05-28,84.47
2025-05-29,58.98
2025-05-30,66.31
2025-05-31,72.33
2025-06-01,51.3
2025-06-02,73.08
2025-06-03,85.52
2025-06-04,93.93
2025-06-05,88.02
2025-06-06,78.62
2025-06-07,58.68
2025-06-08,47.87
2025-06-09,80.53
2025-06-10,102.37
2025-06-11,109.61
2025-06-12,100.74
2025-06-13,100.23
2025-06-14,73.28
2025-06-15,72.92
2025-06-16,105.33
2025-06-17,107.11
2025-06-18,118.01
2025-06-19,117.82
2025-06-20,104.04
2025-06-21,72.04
2025-06-22,62.3
2025-06-23,96.01
2025-06-24,105.27
2025-06-25,155.82
2025-06-26,128.92
2025-06-27,110.69
2025-06-28,70.85
2025-06-29,87.9
2025-06-30,172.17
2025-07-01,212.07
2025-07-02,183.92
2025-07-03,155.48
2025-07-04,139.04
2025-07-05,92.99
2025-07-06,88.88
2025-07-07,102.57
2025-07-08,102.19
2025-07-09,125.69
2025-07-10,125.28
2025-07-11,121.06
2025-07-12,76.94
2025-07-13,77.14
2025-07-14,108.11
2025-07-15,105.17
2025-07-16,144.04
2025-07-17,155.57
2025-07-18,143.74
2025-07-19,101.29
2025-07-20,85.94
2025-07-21,136.14
2025-07-22,132.62
2025-07-23,139.62
2025-07-24,154.55
2025-07-25,137.91
2025-07-26,83.61
2025-07-27,69.97
2025-07-28,96.11
2025-07-29,102.53
2025-07-30,102.72
2025-07-31,93.68
2025-08-01,81.83
2025-08-02,57.84
2025-08-03,55.86
2025-08-04,59.46
2025-08-05,77.47
2025-08-06,87.11
2025-08-07,88.4
2025-08-08,91.39
2025-08-09,87.56
2025-08-10,81.77
2025-08-11,137.12
2025-08-12,152.06
2025-08-13,132.43
2025-08-14,0.0
2025-08-15,0.0
2025-08-16,0.0
2025-08-17,0.0
2025-08-18,0.0
2025-08-19,0.0
2025-08-20,0.0
2025-08-21,0.0
2025-08-22,0.0
2025-08-23,0.0
2025-08-24,0.0
2025-08-25,0.0
2025-08-26,0.0
2025-08-27,0.0
2025-08-28,0.0
2025-08-29,0.0
2025-08-30,0.0
2025-08-31,0.0
2025-09-01,0.0
2025-09-02,0.0
2025-09-03,0.0
2025-09-04,0.0
2025-09-05,0.0
2025-09-06,0.0
2025-09-07,0.0
2025-09-08,0.0
2025-09-09,0.0
2025-09-10,0.0
2025-09-11,0.0
2025-09-12,0.0
2025-09-13,0.0
2025-09-14,0.0
2025-09-15,0.0
2025-09-16,0.0
2025-09-17,0.0
2025-09-18,0.0
2025-09-19,0.0
2025-09-20,0.0
2025-09-21,0.0
2025-09-22,0.0
2025-09-23,0.0
2025-09-24,0.0
2025-09-25,0.0
2025-09-26,0.0
2025-09-27,0.0
2025-09-28,0.0
2025-09-29,0.0
2025-09-30,0.0
2025-10-01,0.0
2025-10-02,0.0
2025-10-03,0.0
2025-10-04,0.0
2025-10-05,0.0
2025-10-06,0.0
2025-10-07,0.0
2025-10-08,0.0
2025-10-09,0.0
2025-10-10,0.0
2025-10-11,0.0
2025-10-12,0.0
2025-10-13,0.0
2025-10-14,0.0
2025-10-15,0.0
2025-10-16,0.0
2025-10-17,0.0
2025-10-18,0.0
2025-10-19,0.0
2025-10-20,0.0
2025-10-21,0.0
2025-10-22,0.0
2025-10-23,0.0
2025-10-24,0.0
2025-10-25,0.0
2025-10-26,0.0
2025-10-27,0.0
2025-10-28,0.0
2025-10-29,0.0
2025-10-30,0.0
2025-10-31,0.0
2025-11-01,0.0
2025-11-02,0.0
2025-11-03,0.0
2025-11-04,0.0
2025-11-05,0.0
2025-11-06,0.0
2025-11-07,0.0
2025-11-08,0.0
2025-11-09,0.0
2025-11-10,0.0
2025-11-11,0.0
2025-11-12,0.0
2025-11-13,0.0
2025-11-14,0.0
2025-11-15,0.0
2025-11-16,0.0
2025-11-17,0.0
2025-11-18,0.0
2025-11-19,0.0
2025-11-20,0.0
2025-11-21,0.0
2025-11-22,0.0
2025-11-23,0.0
2025-11-24,0.0
2025-11-25,0.0
2025-11-26,0.0
2025-11-27,0.0
2025-11-28,0.0
2025-11-29,0.0
2025-11-30,0.0
2025-12-01,0.0
2025-12-02,0.0
2025-12-03,0.0
2025-12-04,0.0
2025-12-05,0.0
2025-12-06,0.0
2025-12-07,0.0
2025-12-08,0.0
2025-12-09,0.0
2025-12-10,0.0
2025-12-11,0.0
2025-12-12,0.0
2025-12-13,0.0
2025-12-14,0.0
2025-12-15,0.0
2025-12-16,0.0
2025-12-17,0.0
2025-12-18,0.0
2025-12-19,0.0
2025-12-20,0.0
2025-12-21,0.0
2025-12-22,0.0
2025-12-23,0.0
2025-12-24,0.0
2025-12-25,0.0
2025-12-26,0.0
2025-12-27,0.0
2025-12-28,0.0
2025-12-29,0.0
2025-12-30,0.0
2025-12-31,0.0
